{
  "variants": {
    "facing=down,age=0": {
      "model": "chaosawakens:block/cats_eye_cluster_stage_0",
      "x": 180
    },
    "facing=east,age=0": {
      "model": "chaosawakens:block/cats_eye_cluster_stage_0",
      "x": 90,
      "y": 90
    },
    "facing=north,age=0": {
      "model": "chaosawakens:block/cats_eye_cluster_stage_0",
      "x": 90
    },
    "facing=south,age=0": {
      "model": "chaosawakens:block/cats_eye_cluster_stage_0",
      "x": 90,
      "y": 180
    },
    "facing=up,age=0": {
      "model": "chaosawakens:block/cats_eye_cluster_stage_0"
    },
    "facing=west,age=0": {
      "model": "chaosawakens:block/cats_eye_cluster_stage_0",
      "x": 90,
      "y": 270
    },
    "facing=down,age=1": {
      "model": "chaosawakens:block/cats_eye_cluster_stage_1",
      "x": 180
    },
    "facing=east,age=1": {
      "model": "chaosawakens:block/cats_eye_cluster_stage_1",
      "x": 90,
      "y": 90
    },
    "facing=north,age=1": {
      "model": "chaosawakens:block/cats_eye_cluster_stage_1",
      "x": 90
    },
    "facing=south,age=1": {
      "model": "chaosawakens:block/cats_eye_cluster_stage_1",
      "x": 90,
      "y": 180
    },
    "facing=up,age=1": {
      "model": "chaosawakens:block/cats_eye_cluster_stage_1"
    },
    "facing=west,age=1": {
      "model": "chaosawakens:block/cats_eye_cluster_stage_1",
      "x": 90,
      "y": 270
    },
    "facing=down,age=2": {
      "model": "chaosawakens:block/cats_eye_cluster_stage_2",
      "x": 180
    },
    "facing=east,age=2": {
      "model": "chaosawakens:block/cats_eye_cluster_stage_2",
      "x": 90,
      "y": 90
    },
    "facing=north,age=2": {
      "model": "chaosawakens:block/cats_eye_cluster_stage_2",
      "x": 90
    },
    "facing=south,age=2": {
      "model": "chaosawakens:block/cats_eye_cluster_stage_2",
      "x": 90,
      "y": 180
    },
    "facing=up,age=2": {
      "model": "chaosawakens:block/cats_eye_cluster_stage_2"
    },
    "facing=west,age=2": {
      "model": "chaosawakens:block/cats_eye_cluster_stage_2",
      "x": 90,
      "y": 270
    },
    "facing=down,age=3": {
      "model": "chaosawakens:block/cats_eye_cluster",
      "x": 180
    },
    "facing=east,age=3": {
      "model": "chaosawakens:block/cats_eye_cluster",
      "x": 90,
      "y": 90
    },
    "facing=north,age=3": {
      "model": "chaosawakens:block/cats_eye_cluster",
      "x": 90
    },
    "facing=south,age=3": {
      "model": "chaosawakens:block/cats_eye_cluster",
      "x": 90,
      "y": 180
    },
    "facing=up,age=3": {
      "model": "chaosawakens:block/cats_eye_cluster"
    },
    "facing=west,age=3": {
      "model": "chaosawakens:block/cats_eye_cluster",
      "x": 90,
      "y": 270
    }
  }
}