{
	"format_version": "1.8.0",
	"animations": {
		"animation.carrot_pig.idle_animation": {
			"loop": true,
			"animation_length": 1.8,
			"anim_time_update": "0",
			"blend_weight": "1",
			"bones": {
				"head": {
					"rotation": {
						"vector": ["math.cos(query.anim_time * 200) * 0.4", "math.cos(query.anim_time * 200) * -1", "math.sin(query.anim_time * 200) * 1"]
					}
				},
				"nose": {
					"position": {
						"vector": [0, 0, "math.sin(query.anim_time * 200) * 0.01"]
					},
					"scale": {
						"vector": ["math.sin(query.anim_time * 200) * 0.05 +1", "math.sin(query.anim_time * 200) * 0.05 +1", "math.sin(query.anim_time * 200) * 0.05 +1"]
					}
				}
			}
		},
		"animation.carrot_pig.walking_animation": {
			"loop": true,
			"animation_length": 1.8,
			"anim_time_update": "0",
			"blend_weight": "1",
			"bones": {
				"head": {
					"rotation": {
						"vector": [0, 0, "math.cos(query.anim_time * 400) * -5"]
					}
				},
				"leg0": {
					"rotation": {
						"vector": ["math.sin(query.anim_time * 400) * 30", 0, "math.cos(query.anim_time * 400) * 5"]
					},
					"position": {
						"vector": [0, "math.cos(query.anim_time * 400) * -0.1", 0]
					}
				},
				"leg1": {
					"rotation": {
						"vector": ["math.sin(query.anim_time * 400) * -30", 0, "math.cos(query.anim_time * 400) * -5"]
					},
					"position": {
						"vector": [0, "math.cos(query.anim_time * 400) * 0.1", 0]
					}
				},
				"leg2": {
					"rotation": {
						"vector": ["math.sin(query.anim_time * 400) * -30", 0, "math.cos(query.anim_time * 400) * 5"]
					},
					"position": {
						"vector": [0, "math.cos(query.anim_time * 400) * 0.1", 0]
					}
				},
				"leg3": {
					"rotation": {
						"vector": ["math.sin(query.anim_time * 400) * 30", 0, "math.cos(query.anim_time * 400) * 5"]
					},
					"position": {
						"vector": [0, "math.cos(query.anim_time * 400) * -0.1", 0]
					}
				},
				"body": {
					"rotation": {
						"vector": [0, 0, "math.cos(query.anim_time * 400) * 4"]
					}
				}
			}
		}
	}
}