{
	"format_version": "1.8.0",
	"animations": {
		"animation.dimetrodon.idle_animation": {
			"loop": true,
			"animation_length": 3.52,
			"anim_time_update": "0",
			"blend_weight": "1",
			"bones": {
				"body": {
					"rotation": {
						"vector": ["math.sin(query.anim_time * 100) * 2", 0, 0]
					},
					"position": {
						"vector": [0, "math.sin(query.anim_time * 100) * -0.4", 0]
					}
				},
				"head": {
					"rotation": {
						"vector": ["math.cos(query.anim_time * 100) * 4 +7", 0, 0]
					}
				},
				"upperjaw": {
					"rotation": {
						"vector": ["math.sin(query.anim_time * 100) * 4", 0, 0]
					}
				},
				"lowerjaw": {
					"rotation": {
						"vector": ["math.sin(query.anim_time * 100) * -4", 0, 0]
					}
				},
				"tail": {
					"rotation": {
						"vector": ["math.sin(query.anim_time * 100) * 4 +10", "math.cos(query.anim_time * 400) * -4", 0]
					}
				},
				"tail1": {
					"rotation": {
						"vector": ["math.cos(query.anim_time * 100) * -4", "math.cos(query.anim_time * 400) * -4", 0]
					}
				},
				"tail2": {
					"rotation": {
						"vector": ["math.cos(query.anim_time * 100) * -4", "math.sin(query.anim_time * 400) * -4", 0]
					}
				},
				"tail3": {
					"rotation": {
						"vector": ["math.cos(query.anim_time * 100) * -4", "math.sin(query.anim_time * 400) * -4", 0]
					}
				},
				"tail4": {
					"rotation": {
						"vector": ["math.cos(query.anim_time * 100) * -4", "math.sin(query.anim_time * 400) * -4", 0]
					}
				},
				"left1": {
					"rotation": {
						"vector": ["math.cos(query.anim_time * 100) * 4", 0, 0]
					}
				},
				"right1": {
					"rotation": {
						"vector": ["math.cos(query.anim_time * 100) * 4", 0, 0]
					}
				},
				"left2": {
					"rotation": {
						"vector": ["math.cos(query.anim_time * 100) * 4", 0, 0]
					}
				},
				"left": {
					"rotation": {
						"vector": ["math.cos(query.anim_time * 100) * 4", 0, 0]
					}
				},
				"bone": {
					"rotation": {
						"vector": ["math.cos(query.anim_time * 100) * -4", 0, 0]
					}
				},
				"bone2": {
					"position": {
						"vector": [0, "math.cos(query.anim_time * 100) * -0.1", "math.cos(query.anim_time * 100) * -0.4"]
					}
				},
				"bone3": {
					"position": {
						"vector": [0, "math.cos(query.anim_time * 100) * -0.1", "math.cos(query.anim_time * 100) * -0.4"]
					}
				},
				"bone4": {
					"rotation": {
						"vector": ["math.cos(query.anim_time * 100) * -4", 0, 0]
					}
				},
				"bone5": {
					"rotation": {
						"vector": ["math.cos(query.anim_time * 100) * -4", 0, 0]
					}
				},
				"bone6": {
					"position": {
						"vector": [0, "math.cos(query.anim_time * 100) * -0.1", "math.cos(query.anim_time * 100) * -0.4"]
					}
				},
				"bone7": {
					"rotation": {
						"vector": ["math.cos(query.anim_time * 100) * -4", 0, 0]
					}
				},
				"bone8": {
					"position": {
						"vector": [0, "math.cos(query.anim_time * 100) * -0.1", "math.cos(query.anim_time * 100) * -0.4"]
					}
				}
			}
		},
		"animation.dimetrodon.walking_animation": {
			"loop": true,
			"animation_length": 1.8,
			"anim_time_update": "0",
			"blend_weight": "1",
			"bones": {
				"body": {
					"rotation": {
						"vector": ["math.sin(query.anim_time * 800) * 2", 0, 0]
					},
					"position": {
						"vector": [0, "math.cos(query.anim_time * 800) * -0.4", 0]
					}
				},
				"head": {
					"rotation": {
						"vector": ["math.sin(query.anim_time * 200) * -3 +10", 0, "math.cos(query.anim_time * 400) * 6"]
					}
				},
				"upperjaw": {
					"rotation": {
						"vector": ["math.sin(query.anim_time * 800) * 3", 0, 0]
					}
				},
				"lowerjaw": {
					"rotation": {
						"vector": ["math.cos(query.anim_time * 800) * 3", 0, 0]
					}
				},
				"tail": {
					"rotation": {
						"vector": ["math.cos(query.anim_time * 800) * -6 +10", 0, 0]
					}
				},
				"tail1": {
					"rotation": {
						"vector": ["math.sin(query.anim_time * 800) * -6", 0, 0]
					}
				},
				"tail2": {
					"rotation": {
						"vector": ["math.sin(query.anim_time * 800) * -6", 0, 0]
					}
				},
				"tail3": {
					"rotation": {
						"vector": ["math.sin(query.anim_time * 800) * -6", 0, 0]
					}
				},
				"tail4": {
					"rotation": {
						"vector": ["math.sin(query.anim_time * 800) * -6", 0, 0]
					}
				},
				"left1": {
					"rotation": {
						"vector": ["math.cos(query.anim_time * 400) * 25", 0, 0]
					},
					"position": {
						"vector": [0, "math.cos(query.anim_time * 400) * 1", 0]
					}
				},
				"right1": {
					"rotation": {
						"vector": ["math.cos(query.anim_time * 400) * -25", 0, 0]
					},
					"position": {
						"vector": [0, "math.cos(query.anim_time * 400) * -1", 0]
					}
				},
				"left2": {
					"rotation": {
						"vector": ["math.cos(query.anim_time * 400) * -25", 0, 0]
					},
					"position": {
						"vector": [0, "math.cos(query.anim_time * 400) * -1", 0]
					}
				},
				"left": {
					"rotation": {
						"vector": ["math.cos(query.anim_time * 400) * 25", 0, 0]
					},
					"position": {
						"vector": [0, "math.cos(query.anim_time * 400) * 1", 0]
					}
				},
				"bone": {
					"rotation": {
						"vector": ["math.sin(query.anim_time * 400) * -24", 0, 0]
					},
					"position": {
						"vector": [0, "math.cos(query.anim_time * 400) * -0.6", 0]
					}
				},
				"bone2": {
					"rotation": {
						"vector": ["math.sin(query.anim_time * 400) * 20", 0, 0]
					}
				},
				"bone3": {
					"rotation": {
						"vector": ["math.sin(query.anim_time * 400) * -20", 0, 0]
					}
				},
				"bone4": {
					"rotation": {
						"vector": ["math.sin(query.anim_time * 400) * 24", 0, 0]
					},
					"position": {
						"vector": [0, "math.cos(query.anim_time * 400) * 0.6", 0]
					}
				},
				"bone5": {
					"rotation": {
						"vector": ["math.sin(query.anim_time * 400) * 24", 0, 0]
					},
					"position": {
						"vector": [0, "math.cos(query.anim_time * 400) * 0.6", 0]
					}
				},
				"bone6": {
					"rotation": {
						"vector": ["math.sin(query.anim_time * 400) * -20", 0, 0]
					}
				},
				"bone7": {
					"rotation": {
						"vector": ["math.sin(query.anim_time * 400) * -24", 0, 0]
					},
					"position": {
						"vector": [0, "math.cos(query.anim_time * 400) * -0.6", 0]
					}
				},
				"bone8": {
					"rotation": {
						"vector": ["math.sin(query.anim_time * 400) * 20", 0, 0]
					}
				}
			}
		},
		"animation.dimetrodon.swim_animation": {
			"loop": true,
			"animation_length": 1.8,
			"anim_time_update": "0",
			"blend_weight": "1",
			"bones": {
				"dimetrodon": {
					"rotation": {
						"vector": [0, "math.sin(query.anim_time * 400) * 5", 0]
					},
					"position": {
						"vector": [0, -8, 0]
					}
				},
				"body": {
					"rotation": {
						"vector": [0, "math.cos(query.anim_time * 400) * 5", 0]
					}
				},
				"head": {
					"rotation": {
						"vector": ["math.sin(query.anim_time * 200) * 1 +10", "math.sin(query.anim_time * 400) * -5", 0]
					}
				},
				"upperjaw": {
					"rotation": {
						"vector": [0, "math.sin(query.anim_time * 400) * -5", 0]
					}
				},
				"lowerjaw": {
					"rotation": {
						"vector": [0, "math.sin(query.anim_time * 400) * -5", 0]
					}
				},
				"tail": {
					"rotation": {
						"vector": [0, "math.cos(query.anim_time * 400) * 5", 0]
					}
				},
				"tail1": {
					"rotation": {
						"vector": [0, "math.sin(query.anim_time * 400) * 15", 0]
					}
				},
				"tail2": {
					"rotation": {
						"vector": [0, "math.sin(query.anim_time * 400) * 15", 0]
					}
				},
				"tail3": {
					"rotation": {
						"vector": [0, "math.sin(query.anim_time * 400) * 15", 0]
					}
				},
				"tail4": {
					"rotation": {
						"vector": [0, "math.sin(query.anim_time * 400) * 15", 0]
					}
				},
				"left1": {
					"rotation": {
						"vector": ["math.cos(query.anim_time * 400) * 15", "math.sin(query.anim_time * 400) * 5", 0]
					}
				},
				"right1": {
					"rotation": {
						"vector": ["math.cos(query.anim_time * 400) * -15", "math.sin(query.anim_time * 400) * -5", 0]
					}
				},
				"left2": {
					"rotation": {
						"vector": ["math.cos(query.anim_time * 400) * -15", "math.sin(query.anim_time * 400) * -5", 0]
					}
				},
				"left": {
					"rotation": {
						"vector": ["math.cos(query.anim_time * 400) * 15", "math.sin(query.anim_time * 400) * 5", 0]
					}
				},
				"bone": {
					"rotation": {
						"vector": ["math.cos(query.anim_time * 400) * 15 +20", 0, 0]
					}
				},
				"bone2": {
					"rotation": {
						"vector": ["math.cos(query.anim_time * 400) * 15 +10", 0, 0]
					}
				},
				"bone3": {
					"rotation": {
						"vector": ["math.cos(query.anim_time * 400) * -15 +10", 0, 0]
					}
				},
				"bone4": {
					"rotation": {
						"vector": ["math.cos(query.anim_time * 400) * -15 +20", 0, 0]
					}
				},
				"bone5": {
					"rotation": {
						"vector": ["math.cos(query.anim_time * 400) * -15 +20", 0, 0]
					}
				},
				"bone6": {
					"rotation": {
						"vector": ["math.cos(query.anim_time * 400) * -15 +10", 0, 0]
					}
				},
				"bone7": {
					"rotation": {
						"vector": ["math.cos(query.anim_time * 400) * 15 +20", 0, 0]
					}
				},
				"bone8": {
					"rotation": {
						"vector": ["math.cos(query.anim_time * 400) * 15 +10", 0, 0]
					}
				}
			}
		},
		"animation.dimetrodon.bite_animation": {
			"loop": true,
			"animation_length": 0.64,
			"anim_time_update": "0",
			"blend_weight": "1",
			"bones": {
				"body": {
					"rotation": {
						"0.0": {
							"vector": ["math.sin(query.anim_time * 400) * -5", 0, 0]
						},
						"0.2": {
							"vector": ["math.sin(query.anim_time * 400) * -5", 0, 0]
						},
						"0.4": {
							"vector": ["math.sin(query.anim_time * 400) * +4", 0, 0],
							"easing": "easeInElastic",
							"easingArgs": [1]
						},
						"0.6": {
							"vector": [0, 0, 0],
							"easing": "easeOutElastic"
						}
					}
				},
				"head": {
					"rotation": {
						"0.0": {
							"vector": ["math.sin(query.anim_time * 400) * -5 +10", 0, 0]
						},
						"0.2": {
							"vector": ["math.sin(query.anim_time * 400) * -5", 0, 0]
						},
						"0.4": {
							"vector": ["math.sin(query.anim_time * 400) * +10", 0, 0]
						},
						"0.6": {
							"vector": ["math.sin(query.anim_time * 400) * 0 +10", 0, 0],
							"easing": "easeOutElastic"
						}
					},
					"position": {
						"0.0": {
							"vector": [0, 0, "math.sin(query.anim_time * 400) * 0.7"]
						},
						"0.2": {
							"vector": [0, 0, "math.sin(query.anim_time * 400) * 0.7"]
						},
						"0.4": {
							"vector": [0, 0, "math.sin(query.anim_time * 400) * -2.7"]
						},
						"0.6": {
							"vector": [0, 0, 0],
							"easing": "linear"
						}
					}
				},
				"upperjaw": {
					"rotation": {
						"0.0": {
							"vector": ["math.sin(query.anim_time * 400) * -15", 0, 0]
						},
						"0.2": {
							"vector": ["math.sin(query.anim_time * 400) * -15", 0, 0]
						},
						"0.4": {
							"vector": ["math.sin(query.anim_time * 400) * +4", 0, 0],
							"easing": "easeInElastic",
							"easingArgs": [1]
						},
						"0.6": {
							"vector": [0, 0, 0],
							"easing": "easeOutElastic"
						}
					}
				},
				"lowerjaw": {
					"rotation": {
						"0.0": {
							"vector": ["math.sin(query.anim_time * 400) * 15", 0, 0]
						},
						"0.2": {
							"vector": ["math.sin(query.anim_time * 400) * 15", 0, 0]
						},
						"0.4": {
							"vector": ["math.sin(query.anim_time * 400) * -4", 0, 0],
							"easing": "easeInElastic",
							"easingArgs": [1]
						},
						"0.6": {
							"vector": [0, 0, 0],
							"easing": "easeOutElastic"
						}
					}
				},
				"tail": {
					"rotation": {
						"0.0": {
							"vector": ["math.cos(query.anim_time * 800) * 5", 0, 0]
						},
						"0.6": {
							"vector": ["math.cos(query.anim_time * 800) * 0 +5", 0, 0]
						}
					}
				},
				"tail1": {
					"rotation": {
						"0.0": {
							"vector": ["math.cos(query.anim_time * 800) * 5", 0, 0]
						},
						"0.6": {
							"vector": ["math.cos(query.anim_time * 800) * 0 +5", 0, 0]
						}
					}
				},
				"tail2": {
					"rotation": {
						"0.0": {
							"vector": ["math.cos(query.anim_time * 800) * 5", 0, 0]
						},
						"0.6": {
							"vector": ["math.cos(query.anim_time * 800) * 0 +5", 0, 0]
						}
					}
				},
				"tail3": {
					"rotation": {
						"0.0": {
							"vector": ["math.cos(query.anim_time * 800) * 5", 0, 0]
						},
						"0.6": {
							"vector": ["math.cos(query.anim_time * 800) * 0 +5", 0, 0]
						}
					}
				},
				"tail4": {
					"rotation": {
						"0.0": {
							"vector": ["math.cos(query.anim_time * 800) * 5", 0, 0]
						},
						"0.6": {
							"vector": ["math.cos(query.anim_time * 800) * 0 +5", 0, 0]
						}
					}
				}
			}
		}
	},
	"geckolib_format_version": 2
}