{
	"format_version": "1.8.0",
	"animations": {
		"animation.gazelle.idle": {
			"loop": true,
			"animation_length": 1.75,
			"override_previous_animation": true,
			"bones": {
				"Head": {
					"rotation": {
						"vector": ["math.sin(query.anim_time * 200) * 1", 0, 0]
					},
					"position": {
						"vector": [0, "math.sin(query.anim_time * 100) * 0.02", 0]
					}
				},
				"Leftear": {
					"rotation": {
						"0.0": {
							"vector": [0, 0, 0]
						},
						"0.5": {
							"vector": [0, 0, 0]
						},
						"0.625": {
							"vector": [0, 0, -30]
						},
						"0.7083": {
							"vector": [0, 0, 17.5]
						},
						"0.7917": {
							"vector": [0, 0, -10]
						},
						"0.8333": {
							"vector": [0, 0, 0]
						}
					}
				},
				"RightEar": {
					"rotation": {
						"0.0": {
							"vector": [0, 0, 0]
						},
						"1.2917": {
							"vector": [0, 0, 0]
						},
						"1.375": {
							"vector": [0, 0, -30]
						},
						"1.4167": {
							"vector": [0, 0, 17.5]
						},
						"1.5": {
							"vector": [0, 0, -10]
						},
						"1.5417": {
							"vector": [0, 0, 0]
						}
					}
				},
				"Tail": {
					"rotation": {
						"0.0": {
							"vector": [0, 0, 0]
						},
						"1.0": {
							"vector": [0, 0, 0]
						},
						"1.0833": {
							"vector": [0, 0, -30]
						},
						"1.1667": {
							"vector": [0, 0, 27.5]
						},
						"1.2083": {
							"vector": [0, 0, -7.5]
						},
						"1.2917": {
							"vector": [0, 0, 20]
						},
						"1.375": {
							"vector": [0, 0, 0]
						}
					}
				},
				"Body": {
					"rotation": {
						"vector": [0, 0, "math.sin(query.anim_time * 100) * 1"]
					},
					"scale": {
						"vector": [1, "math.sin(query.anim_time * 100) * -0.04 + 1", 1]
					}
				},
				"RightBackLegPart1": {
					"rotation": {
						"vector": ["math.sin(query.anim_time * 200) *", 0, 0]
					}
				},
				"RightFrontLegPart1": {
					"rotation": {
						"vector": [0, 0, 0]
					}
				},
				"LeftBackLegPart1": {
					"rotation": {
						"vector": [0, 0, 0]
					}
				}
			}
		},
		"animation.gazelle.walking": {
			"loop": true,
			"animation_length": 1.79167,
			"bones": {
				"Head": {
					"rotation": {
						"vector": [0, 0, "math.sin(query.anim_time * 200) * -1 "]
					},
					"position": {
						"vector": [0, "math.sin(query.anim_time * 400) * -0.1", 0]
					}
				},
				"Body": {
					"rotation": {
						"vector": [0, 0, "math.sin(query.anim_time * 400) * 0.4 "]
					},
					"position": {
						"vector": [0, "math.sin(query.anim_time * 400) * -0.1  ", 0]
					}
				},
				"RightBackLegPart1": {
					"rotation": {
						"vector": ["math.sin(query.anim_time * 200) * 12 + 7", 0, "math.sin(query.anim_time * 200) * 2"]
					},
					"position": {
						"vector": [0, "math.sin(query.anim_time * 200) * -0.4 + 0.3", 0]
					}
				},
				"RightBackLegPart2": {
					"rotation": {
						"vector": ["math.cos(query.anim_time * 200) * 8 + 7 ", 0, 0]
					}
				},
				"RightBackLegPart3": {
					"rotation": {
						"vector": ["math.cos(query.anim_time * 200) * 8 + 4 ", 0, 0]
					}
				},
				"LeftBackLegPart1": {
					"rotation": {
						"vector": ["math.sin(query.anim_time * 200) * -12 + 7", 0, "math.sin(query.anim_time * 200) * 2"]
					},
					"position": {
						"vector": [0, "math.sin(query.anim_time * 200) * 0.4 + 0.3", 0]
					}
				},
				"LeftBackLegPart2": {
					"rotation": {
						"vector": ["math.cos(query.anim_time * 200) * -8 + 7 ", 0, 0]
					}
				},
				"LeftBackLegPart3": {
					"rotation": {
						"vector": ["math.cos(query.anim_time * 200) * -8 + 4 ", 0, 0]
					}
				},
				"RightFrontLegPart1": {
					"rotation": {
						"vector": ["math.sin(query.anim_time * 200) * 10 + 7 ", 0, "math.sin(query.anim_time * 200) * -2"]
					},
					"position": {
						"vector": [0, "math.sin(query.anim_time * 200) * -0.4 + 0.3", 0]
					}
				},
				"RightFrontLegPart2": {
					"rotation": {
						"vector": ["math.cos(query.anim_time * 200) * 7 ", 0, 0]
					}
				},
				"RightFrontLegPart3": {
					"rotation": {
						"vector": ["math.cos(query.anim_time * 200) * 7 ", 0, 0]
					}
				},
				"LeftFrontLegPart1": {
					"rotation": {
						"vector": ["math.sin(query.anim_time * 200) * -10 + 7 ", 0, "math.sin(query.anim_time * 200) * -2"]
					},
					"position": {
						"vector": [0, "math.sin(query.anim_time * 200) * 0.4 + 0.3", 0]
					}
				},
				"LeftFrontLegPart2": {
					"rotation": {
						"vector": ["math.cos(query.anim_time * 200) * -7 ", 0, 0]
					}
				},
				"LeftFrontLegPart3": {
					"rotation": {
						"vector": ["math.cos(query.anim_time * 200) * -7 ", 0, 0]
					}
				},
				"RightFrontLegHooves": {
					"rotation": {
						"vector": ["math.cos(query.anim_time * 200) * 7 ", 0, 0]
					}
				},
				"RightBackLegHooves": {
					"rotation": {
						"vector": ["math.cos(query.anim_time * 200) * 7 ", 0, 0]
					}
				},
				"LeftBackLegHooves": {
					"rotation": {
						"vector": ["math.cos(query.anim_time * 200) * -7 ", 0, 0]
					}
				},
				"LeftFrontLegHooves": {
					"rotation": {
						"vector": ["math.cos(query.anim_time * 200) * -7 ", 0, 0]
					}
				},
				"MainHead": {
					"rotation": {
						"vector": [0, 0, "math.cos(query.anim_time * 200) * -1 "]
					}
				},
				"RightEar": {
					"rotation": {
						"vector": [0, 0, "math.sin(query.anim_time * 200) * 3 "]
					}
				},
				"Leftear": {
					"rotation": {
						"vector": [0, 0, "math.sin(query.anim_time * 200) * -3 "]
					}
				},
				"Tail": {
					"rotation": {
						"vector": ["math.sin(query.anim_time * 200) * -5", 0, "math.sin(query.anim_time * 200) * 5"]
					}
				}
			}
		},
		"animation.gazelle.grazing": {
			"loop": true,
			"animation_length": 3.5834,
			"bones": {
				"Head": {
					"rotation": {
						"vector": ["math.cos(query.anim_time * 400) * 1 -112.5", 0, 0]
					},
					"position": {
						"0.0": {
							"vector": [0, 0, 0]
						},
						"2.875": {
							"vector": [0, 0, 0]
						}
					}
				},
				"MainHead": {
					"rotation": {
						"vector": ["42.5+math.sin(query.anim_time * 400) * -2 +NaN", 0, 0]
					},
					"position": {
						"vector": [0, -1, 1]
					}
				},
				"RightEar": {
					"rotation": {
						"0.0": {
							"vector": [0, 0, 0]
						},
						"2.8333": {
							"vector": [0, 0, 0]
						},
						"2.9167": {
							"vector": [0, 0, -30]
						},
						"2.9583": {
							"vector": [0, 0, 17.5]
						},
						"3.0417": {
							"vector": [0, 0, -10]
						},
						"3.0833": {
							"vector": [0, 0, 0]
						}
					}
				},
				"Leftear": {
					"rotation": {
						"0.0": {
							"vector": [0, 0, 0]
						},
						"0.9583": {
							"vector": [0, 0, 0]
						},
						"1.0417": {
							"vector": [0, 0, -30]
						},
						"1.0833": {
							"vector": [0, 0, 17.5]
						},
						"1.1667": {
							"vector": [0, 0, -10]
						},
						"1.2083": {
							"vector": [0, 0, 0]
						}
					}
				},
				"Tail": {
					"rotation": {
						"0.0": {
							"vector": [0, 0, 0]
						},
						"1.7917": {
							"vector": [0, 0, 0]
						},
						"1.875": {
							"vector": [0, 0, -30]
						},
						"1.9167": {
							"vector": [0, 0, 17.5]
						},
						"2.0": {
							"vector": [0, 0, -10]
						},
						"2.0417": {
							"vector": [0, 0, 0]
						}
					}
				},
				"RightFrontLegPart1": {
					"rotation": {
						"vector": [-10, 0, 0]
					}
				},
				"RightFrontLegPart3": {
					"rotation": {
						"vector": [10, 0, 0]
					}
				},
				"LeftFrontLegPart1": {
					"rotation": {
						"vector": [-10, 0, 0]
					}
				},
				"LeftFrontLegPart3": {
					"rotation": {
						"vector": [10, 0, 0]
					}
				},
				"Neck": {
					"rotation": {
						"vector": [2.5, 0, 0]
					},
					"position": {
						"vector": [0, 1, 0]
					}
				}
			}
		},
		"animation.gazelle.running": {
			"loop": true,
			"animation_length": 3.625,
			"bones": {
				"Head": {
					"rotation": {
						"vector": ["math.cos(query.anim_time * 700) * 2 -32.5", 0, "math.cos(query.anim_time * 700) * 2 "]
					},
					"position": {
						"vector": [0, "math.sin(query.anim_time * 700) * -0.4", 0]
					}
				},
				"MainHead": {
					"rotation": {
						"vector": [27.5, 0, 0]
					},
					"position": {
						"vector": [0, 0, 1]
					}
				},
				"RightBackLeg": {
					"rotation": {
						"vector": ["math.sin(query.anim_time * 700) * 23", 0, 0]
					},
					"position": {
						"vector": [0, "math.sin(query.anim_time * 700) * -0.4", 0]
					}
				},
				"RightBackLegPart2": {
					"rotation": {
						"vector": ["math.cos(query.anim_time * 700) * 20", 0, 0]
					}
				},
				"RightBackLegHooves": {
					"rotation": {
						"vector": ["math.sin(query.anim_time * 700) * -12", 0, 0]
					}
				},
				"LeftBackLeg": {
					"rotation": {
						"vector": ["math.cos(query.anim_time * 700) * 23", 0, 0]
					},
					"position": {
						"vector": [0, "math.sin(query.anim_time * 700) * -0.4", 0]
					}
				},
				"LeftBackLegPart2": {
					"rotation": {
						"vector": ["math.cos(query.anim_time * 700) * 20", 0, 0]
					}
				},
				"LeftBackLegHooves": {
					"rotation": {
						"vector": ["math.cos(query.anim_time * 700) * 12", 0, 0]
					}
				},
				"RightFrontLeg": {
					"rotation": {
						"vector": [0, 0, 0]
					}
				},
				"RightFrontLegPart1": {
					"rotation": {
						"vector": ["math.cos(query.anim_time * 700) * -33", 0, 0]
					},
					"position": {
						"vector": [0, "math.sin(query.anim_time * 700) * 0.4", 0]
					}
				},
				"RightFrontLegPart2": {
					"rotation": {
						"vector": ["math.cos(query.anim_time * 700) * -22", 0, 0]
					}
				},
				"RightFrontLegPart3": {
					"rotation": {
						"vector": ["math.cos(query.anim_time * 700) * -13 ", 0, 0]
					}
				},
				"RightFrontLegHooves": {
					"rotation": {
						"vector": ["math.sin(query.anim_time * 700) * 8", 0, 0]
					}
				},
				"LeftFrontLegPart1": {
					"rotation": {
						"vector": ["math.sin(query.anim_time * 700) * -33", 0, 0]
					},
					"position": {
						"vector": [0, "math.cos(query.anim_time * 700) * -0.4", 0]
					}
				},
				"LeftFrontLegPart2": {
					"rotation": {
						"vector": ["math.cos(query.anim_time * 700) * -22", 0, 0]
					}
				},
				"LeftFrontLegPart3": {
					"rotation": {
						"vector": ["math.cos(query.anim_time * 700) * -13 ", 0, 0]
					}
				},
				"LeftFrontLegHooves": {
					"rotation": {
						"vector": ["math.cos(query.anim_time * 700) * -8", 0, 0]
					}
				},
				"RightEar": {
					"rotation": {
						"vector": ["math.cos(query.anim_time * 600) * 3 ", "math.cos(query.anim_time * 600) * 4", "math.cos(query.anim_time * 600) * 1"]
					}
				},
				"Leftear": {
					"rotation": {
						"vector": ["math.cos(query.anim_time * 600) * 3 ", "math.cos(query.anim_time * 600) * 4", "math.cos(query.anim_time * 600) * 1"]
					}
				},
				"Body": {
					"rotation": {
						"vector": [0, 0, "math.sin(query.anim_time * 400) * -1"]
					},
					"position": {
						"vector": [0, "math.sin(query.anim_time * 700) * -0.4", 0]
					}
				},
				"Tail": {
					"rotation": {
						"vector": ["math.cos(query.anim_time * 600) * 3 ", "math.cos(query.anim_time * 600) * 5 ", "math.cos(query.anim_time * 600) * 2 "]
					}
				},
				"RightBackLegPart3": {
					"rotation": {
						"vector": ["math.cos(query.anim_time * 700) * 20", 0, 0]
					}
				},
				"LeftBackLegPart3": {
					"rotation": {
						"vector": ["math.cos(query.anim_time * 700) * 20", 0, 0]
					}
				}
			}
		}
	},
	"geckolib_format_version": 2
}