{
	"format_version": "1.8.0",
	"animations": {
		"animation.robo_pounder.idle": {
			"loop": true,
			"animation_length": 4,
			"bones": {
				"UpperBody": {
					"rotation": {
						"vector": ["math.cos(query.anim_time * 90) * 2", 0, 0]
					}
				},
				"Head": {
					"rotation": {
						"vector": ["math.cos(query.anim_time * 180) * -2", 0, 0]
					}
				},
				"RightArm": {
					"rotation": {
						"vector": ["math.cos(query.anim_time * 90) * 2 +10", 0, "math.cos(query.anim_time * 90) * -1 +10"]
					}
				},
				"RightHand": {
					"rotation": {
						"vector": [-40, 0, 0]
					}
				},
				"LeftArm": {
					"rotation": {
						"vector": ["math.cos(query.anim_time * 90) * 2 +10", 0, "math.cos(query.anim_time * 90) * 1 -10"]
					}
				},
				"LeftHand": {
					"rotation": {
						"vector": [-40, 0, 0]
					}
				},
				"RightLeg": {
					"rotation": {
						"0.0": {
							"vector": [0, 0, 7.5]
						},
						"1.5": {
							"vector": [0, 0, 7.5]
						},
						"3.0": {
							"vector": [0, 0, 7.5]
						}
					}
				},
				"RightLeg2": {
					"rotation": {
						"vector": [0, 0, -7.5]
					}
				},
				"LeftLeg": {
					"rotation": {
						"0.0": {
							"vector": [0, 0, -7.5]
						},
						"1.5": {
							"vector": [0, 0, -7.5]
						},
						"3.0": {
							"vector": [0, 0, -7.5]
						}
					}
				},
				"LeftLeg2": {
					"rotation": {
						"vector": [0, 0, 7.5]
					}
				}
			}
		},
		"animation.robo_pounder.walk": {
			"loop": true,
			"animation_length": 2,
			"bones": {
				"UpperBody": {
					"rotation": {
						"vector": [0, "math.cos(query.anim_time * 180) * 10", 0]
					}
				},
				"Head": {
					"rotation": {
						"vector": [0, "math.cos(query.anim_time * 180) * -10", 0]
					}
				},
				"RightArm": {
					"rotation": {
						"vector": ["math.cos(query.anim_time * 180) * 13", 0, 0]
					}
				},
				"RightHand": {
					"rotation": {
						"0.0": {
							"vector": [0, 0, 0]
						},
						"1.0": {
							"vector": [-20, 0, 0]
						},
						"2.0": {
							"vector": [0, 0, 0]
						}
					}
				},
				"LeftArm": {
					"rotation": {
						"vector": ["math.cos(query.anim_time * 180) * -13", 0, 0]
					}
				},
				"LeftHand": {
					"rotation": {
						"0.0": {
							"vector": [-20, 0, 0]
						},
						"1.0": {
							"vector": [0, 0, 0]
						},
						"2.0": {
							"vector": [-20, 0, 0]
						}
					}
				},
				"RightLeg": {
					"rotation": {
						"0.0": {
							"vector": [-25, 0, 0]
						},
						"0.6667": {
							"vector": [15, 0, 0]
						},
						"1.0": {
							"vector": [10, 0, 0]
						},
						"1.6667": {
							"vector": [-35, 0, 0]
						},
						"2.0": {
							"vector": [-25, 0, 0]
						}
					}
				},
				"RightLeg2": {
					"rotation": {
						"0.0": {
							"vector": [10, 0, 0]
						},
						"0.6667": {
							"vector": [-5, 0, 0]
						},
						"1.0": {
							"vector": [20, 0, 0]
						},
						"1.6667": {
							"vector": [27.5, 0, 0]
						},
						"2.0": {
							"vector": [10, 0, 0]
						}
					}
				},
				"RightFoot": {
					"rotation": {
						"0.0": {
							"vector": [15, 0, 0]
						},
						"0.6667": {
							"vector": [-10, 0, 0]
						},
						"1.0": {
							"vector": [-30, 0, 0]
						},
						"1.6667": {
							"vector": [6.25, 0, 0]
						},
						"2.0": {
							"vector": [15, 0, 0]
						}
					}
				},
				"LeftLeg": {
					"rotation": {
						"0.0": {
							"vector": [10, 0, 0]
						},
						"0.6667": {
							"vector": [-43.33333, 0, 0]
						},
						"1.0": {
							"vector": [-25, 0, 0]
						},
						"1.6667": {
							"vector": [15, 0, 0]
						},
						"2.0": {
							"vector": [10, 0, 0]
						}
					}
				},
				"LeftLeg2": {
					"rotation": {
						"0.0": {
							"vector": [20, 0, 0]
						},
						"0.6667": {
							"vector": [25.41667, 0, 0]
						},
						"1.0": {
							"vector": [10, 0, 0]
						},
						"1.6667": {
							"vector": [-5, 0, 0]
						},
						"2.0": {
							"vector": [20, 0, 0]
						}
					}
				},
				"LeftFoot": {
					"rotation": {
						"0.0": {
							"vector": [-30, 0, 0]
						},
						"0.6667": {
							"vector": [6.25, 0, 0]
						},
						"1.0": {
							"vector": [15, 0, 0]
						},
						"1.6667": {
							"vector": [-10.41667, 0, 0]
						},
						"2.0": {
							"vector": [-30, 0, 0]
						}
					}
				},
				"Body": {
					"position": {
						"0.0": {
							"vector": [0, -5, 0]
						},
						"0.6667": {
							"vector": [0, 0, 0]
						},
						"1.0": {
							"vector": [0, -5, 0]
						},
						"1.6667": {
							"vector": [0, 0, 0]
						},
						"2.0": {
							"vector": [0, -5, 0]
						}
					}
				}
			}
		},
		"animation.robo_pounder.swing_arm_attack": {
			"animation_length": 1.5,
			"bones": {
				"UpperBody": {
					"rotation": {
						"vector": [0, "math.sin(query.anim_time * 240) * 60", 0]
					}
				},
				"Head": {
					"rotation": {
						"vector": ["math.sin(query.anim_time * 120) * 20", "math.sin(query.anim_time * 240) * -30", 0]
					}
				},
				"RightArm": {
					"rotation": {
						"0.0": {
							"vector": [360, 0, 0]
						},
						"0.5833": {
							"vector": [360, 0, 0]
						},
						"0.8333": {
							"vector": [-27.08333, 10, 10]
						},
						"0.875": {
							"vector": [-28.88636, 10, 10]
						},
						"1.5": {
							"vector": [0, 0, 0]
						}
					}
				},
				"RightHand": {
					"rotation": {
						"0.0": {
							"vector": [-42.5, 0, 0]
						},
						"0.5": {
							"vector": [-65, 0, 0]
						},
						"0.75": {
							"vector": [-32.5, 0, 0]
						},
						"1.5": {
							"vector": [-42.5, 0, 0]
						}
					}
				},
				"LeftArm": {
					"rotation": {
						"0.0": {
							"vector": [0, 0, 0]
						},
						"0.5": {
							"vector": [22.5, 0, 0]
						},
						"0.75": {
							"vector": [22.5, 0, 0]
						},
						"1.5": {
							"vector": [0, 0, 0]
						}
					}
				},
				"LeftHand": {
					"rotation": {
						"0.0": {
							"vector": [-42.5, 0, 0]
						},
						"0.5": {
							"vector": [-42.5, 0, 0]
						},
						"0.75": {
							"vector": [-42.5, 0, 0]
						},
						"1.5": {
							"vector": [-42.5, 0, 0]
						}
					}
				}
			}
		},
		"animation.robo_pounder.swing_arm_attack_mirrored": {
			"animation_length": 1.5,
			"bones": {
				"UpperBody": {
					"rotation": {
						"vector": [0, "math.sin(query.anim_time * 240) * -60", 0]
					}
				},
				"Head": {
					"rotation": {
						"vector": ["math.sin(query.anim_time * 120) * 20", "math.sin(query.anim_time * 240) * 30", 0]
					}
				},
				"RightArm": {
					"rotation": {
						"0.0": {
							"vector": [0, 0, 0]
						},
						"0.5": {
							"vector": [22.5, 0, 0]
						},
						"0.75": {
							"vector": [22.5, 0, 0]
						},
						"1.5": {
							"vector": [0, 0, 0]
						}
					}
				},
				"RightHand": {
					"rotation": {
						"0.0": {
							"vector": [-42.5, 0, 0]
						},
						"0.5": {
							"vector": [-42.5, 0, 0]
						},
						"0.75": {
							"vector": [-42.5, 0, 0]
						},
						"1.5": {
							"vector": [-42.5, 0, 0]
						}
					}
				},
				"LeftArm": {
					"rotation": {
						"0.0": {
							"vector": [360, 0, 0]
						},
						"0.5833": {
							"vector": [360, 0, 0]
						},
						"0.8333": {
							"vector": [-27.0833, -10, -10]
						},
						"0.875": {
							"vector": [-28.8864, -10, -10]
						},
						"1.5": {
							"vector": [0, 0, 0]
						}
					}
				},
				"LeftHand": {
					"rotation": {
						"0.0": {
							"vector": [-42.5, 0, 0]
						},
						"0.5": {
							"vector": [-65, 0, 0]
						},
						"0.75": {
							"vector": [-32.5, 0, 0]
						},
						"1.5": {
							"vector": [-42.5, 0, 0]
						}
					}
				}
			}
		},
		"animation.robo_pounder.second_swing_arm_attack": {
			"animation_length": 1,
			"bones": {
				"UpperBody": {
					"rotation": {
						"vector": [0, "math.sin(query.anim_time * 360) * 30", 0]
					}
				},
				"Head": {
					"rotation": {
						"vector": ["math.sin(query.anim_time * 180) * 15", "math.sin(query.anim_time * 180) * -10", 0]
					}
				},
				"RightArm": {
					"rotation": {
						"vector": ["math.sin(query.anim_time * 360) * 30", 0, "math.sin(query.anim_time * 180) * 30"]
					}
				},
				"RightHand": {
					"rotation": {
						"vector": ["math.sin(query.anim_time * 180) * -30", 0, 0]
					}
				},
				"LeftArm": {
					"rotation": {
						"vector": ["math.sin(query.anim_time * 180) * -40", "math.sin(query.anim_time * 360) * 30", "math.sin(query.anim_time * 360) * 50"]
					}
				},
				"LeftHand": {
					"rotation": {
						"vector": ["math.sin(query.anim_time * 180) * -50", 0, 0]
					}
				},
				"RightLeg": {
					"rotation": {
						"0.0": {
							"vector": [0, 0, 0]
						},
						"0.25": {
							"vector": [5.11435, 9.91358, 1.31845]
						},
						"0.5": {
							"vector": [5.11435, 9.91358, 1.31845]
						},
						"1.0": {
							"vector": [0, 0, 0]
						}
					}
				},
				"RightLeg2": {
					"rotation": {
						"0.0": {
							"vector": [0, 0, 0]
						},
						"1.0": {
							"vector": [0, 0, 0]
						}
					}
				},
				"RightFoot": {
					"rotation": {
						"0.0": {
							"vector": [0, 0, 0]
						},
						"0.25": {
							"vector": [-5.11435, 9.91358, -1.31845]
						},
						"0.5": {
							"vector": [-5.11435, 9.91358, -1.31845]
						},
						"1.0": {
							"vector": [0, 0, 0]
						}
					}
				},
				"LeftLeg": {
					"rotation": {
						"0.0": {
							"vector": [0, 0, 0]
						},
						"0.25": {
							"vector": [10, 0, 0]
						},
						"0.5": {
							"vector": [9.54589, 2.99318, -17.25002]
						},
						"1.0": {
							"vector": [0, 0, 0]
						}
					}
				},
				"LeftLeg2": {
					"rotation": {
						"0.0": {
							"vector": [0, 0, 0]
						},
						"0.25": {
							"vector": [-2.5, 0, 0]
						},
						"0.5": {
							"vector": [-4.88443, 0.75155, 17.48436]
						},
						"1.0": {
							"vector": [0, 0, 0]
						}
					}
				},
				"LeftFoot": {
					"rotation": {
						"0.0": {
							"vector": [0, 0, 0]
						},
						"0.25": {
							"vector": [-7.5, 0, 0]
						},
						"0.5": {
							"vector": [-5, 0, 0]
						},
						"1.0": {
							"vector": [0, 0, 0]
						}
					}
				},
				"LowerBody": {
					"rotation": {
						"vector": [0, "math.sin(query.anim_time * 180) * -25", 0]
					}
				},
				"Body": {
					"position": {
						"0.0": {
							"vector": [0, 0, 0]
						},
						"0.25": {
							"vector": [1, 0, 0]
						},
						"0.5": {
							"vector": [1, 0, 0]
						},
						"1.0": {
							"vector": [0, 0, 0]
						}
					}
				}
			}
		},
		"animation.robo_pounder.second_swing_arm_attack_mirrrored": {
			"animation_length": 1,
			"bones": {
				"UpperBody": {
					"rotation": {
						"vector": [0, "math.sin(query.anim_time * 360) * -30", 0]
					}
				},
				"Head": {
					"rotation": {
						"vector": ["math.sin(query.anim_time * 180) * 15", "math.sin(query.anim_time * 180) * 10", 0]
					}
				},
				"RightArm": {
					"rotation": {
						"vector": ["math.sin(query.anim_time * 180) * -40", "math.sin(query.anim_time * 360) * -30", "math.sin(query.anim_time * 360) * -50"]
					}
				},
				"RightHand": {
					"rotation": {
						"vector": ["math.sin(query.anim_time * 180) * -50", 0, 0]
					}
				},
				"LeftArm": {
					"rotation": {
						"vector": ["math.sin(query.anim_time * 360) * 30", 0, "math.sin(query.anim_time * 180) * -30"]
					}
				},
				"LeftHand": {
					"rotation": {
						"vector": ["math.sin(query.anim_time * 180) * -30", 0, 0]
					}
				},
				"RightLeg": {
					"rotation": {
						"0.0": {
							"vector": [0, 0, 0]
						},
						"0.25": {
							"vector": [10, 0, 0]
						},
						"0.5": {
							"vector": [9.5459, -2.9932, 17.25]
						},
						"1.0": {
							"vector": [0, 0, 0]
						}
					}
				},
				"RightLeg2": {
					"rotation": {
						"0.0": {
							"vector": [0, 0, 0]
						},
						"0.25": {
							"vector": [-2.5, 0, 0]
						},
						"0.5": {
							"vector": [-4.8844, -0.7515, -17.4844]
						},
						"1.0": {
							"vector": [0, 0, 0]
						}
					}
				},
				"RightFoot": {
					"rotation": {
						"0.0": {
							"vector": [0, 0, 0]
						},
						"0.25": {
							"vector": [-7.5, 0, 0]
						},
						"0.5": {
							"vector": [-5, 0, 0]
						},
						"1.0": {
							"vector": [0, 0, 0]
						}
					}
				},
				"LeftLeg": {
					"rotation": {
						"0.0": {
							"vector": [0, 0, 0]
						},
						"0.25": {
							"vector": [5.1144, -9.9136, -1.3184]
						},
						"0.5": {
							"vector": [5.1144, -9.9136, -1.3184]
						},
						"1.0": {
							"vector": [0, 0, 0]
						}
					}
				},
				"LeftLeg2": {
					"rotation": {
						"0.0": {
							"vector": [0, 0, 0]
						},
						"1.0": {
							"vector": [0, 0, 0]
						}
					}
				},
				"LeftFoot": {
					"rotation": {
						"0.0": {
							"vector": [0, 0, 0]
						},
						"0.25": {
							"vector": [-5.1144, -9.9136, 1.3184]
						},
						"0.5": {
							"vector": [-5.1144, -9.9136, 1.3184]
						},
						"1.0": {
							"vector": [0, 0, 0]
						}
					}
				},
				"LowerBody": {
					"rotation": {
						"vector": [0, "math.sin(query.anim_time * 180) * 25", 0]
					}
				},
				"Body": {
					"position": {
						"0.0": {
							"vector": [0, 0, 0]
						},
						"0.25": {
							"vector": [1, 0, 0]
						},
						"0.5": {
							"vector": [1, 0, 0]
						},
						"1.0": {
							"vector": [0, 0, 0]
						}
					}
				}
			}
		},
		"animation.robo_pounder.ambient": {
			"loop": true,
			"animation_length": 4,
			"bones": {
				"LeftLegArmor": {
					"position": {
						"0.0": {
							"vector": [0, 0, 0]
						},
						"0.8333": {
							"vector": [0, 0, 0]
						},
						"0.9167": {
							"vector": [0, 1, 1]
						},
						"1.0": {
							"vector": [0, 0, 0]
						},
						"1.0833": {
							"vector": [0, 2, 2]
						},
						"1.1667": {
							"vector": [0, 0, 0]
						},
						"2.8333": {
							"vector": [0, 0, 0]
						},
						"2.9167": {
							"vector": [0, 1, 1]
						},
						"3.0": {
							"vector": [0, 0, 0]
						},
						"3.0833": {
							"vector": [0, 2, 2]
						},
						"3.1667": {
							"vector": [0, 0, 0]
						}
					}
				},
				"RightLegArmor": {
					"position": {
						"0.0": {
							"vector": [0, 0, 0]
						},
						"0.8333": {
							"vector": [0, 0, 0]
						},
						"0.9167": {
							"vector": [0, 1, 1]
						},
						"1.0": {
							"vector": [0, 0, 0]
						},
						"1.0833": {
							"vector": [0, 2, 2]
						},
						"1.1667": {
							"vector": [0, 0, 0]
						},
						"2.8333": {
							"vector": [0, 0, 0]
						},
						"2.9167": {
							"vector": [0, 1, 1]
						},
						"3.0": {
							"vector": [0, 0, 0]
						},
						"3.0833": {
							"vector": [0, 2, 2]
						},
						"3.1667": {
							"vector": [0, 0, 0]
						}
					}
				},
				"BodyArmorRight": {
					"position": {
						"vector": ["math.cos(query.anim_time * 90) * -0.5 -0.5", 0, 0]
					}
				},
				"BodyArmorLeft": {
					"position": {
						"vector": ["math.cos(query.anim_time * 90) * 0.5 +0.5", 0, 0]
					}
				},
				"BodyArmorMiddle": {
					"position": {
						"0.0": {
							"vector": [0, 0, 0]
						},
						"0.5": {
							"vector": [0, 0, 0]
						},
						"0.5833": {
							"vector": [0, 2, 0]
						},
						"0.6667": {
							"vector": [0, 0, 0]
						},
						"0.75": {
							"vector": [0, 3, -1]
						},
						"2.0": {
							"vector": [0, 3, -1]
						},
						"4.0": {
							"vector": [0, 0, 0]
						}
					}
				},
				"Eye": {
					"rotation": {
						"vector": [0, 0, "math.cos(query.anim_time * 90) * 3"]
					},
					"position": {
						"vector": ["math.cos(query.anim_time * 90) * 0.2", 0, 0]
					}
				},
				"RightEar": {
					"rotation": {
						"vector": ["math.cos(query.anim_time * 90) * 5 +5", "math.cos(query.anim_time * 90) * -5 -5", 0]
					}
				},
				"LeftEar": {
					"rotation": {
						"vector": ["math.cos(query.anim_time * 90) * 5 +5", "math.cos(query.anim_time * 90) * 5 +5", 0]
					}
				},
				"RightJaw": {
					"rotation": {
						"0.0": {
							"vector": [0, 0, 0]
						},
						"0.5": {
							"vector": [0, 0, 0]
						},
						"0.5417": {
							"vector": [7.52832, 4.95712, 0.65426]
						},
						"0.625": {
							"vector": [5.00706, 2.4786, 0.32652]
						},
						"0.7083": {
							"vector": [7.52832, 4.95712, 0.65426]
						},
						"1.2083": {
							"vector": [7.53, 4.96, 0.65]
						},
						"1.75": {
							"vector": [0, 0, 0]
						}
					}
				},
				"LeftJaw": {
					"rotation": {
						"0.0": {
							"vector": [0, 0, 0]
						},
						"0.5": {
							"vector": [0, 0, 0]
						},
						"0.5417": {
							"vector": [7.52832, -4.95712, -0.65426]
						},
						"0.625": {
							"vector": [5.00706, -2.4786, -0.32652]
						},
						"0.7083": {
							"vector": [7.52832, -4.95712, -0.65426]
						},
						"1.2083": {
							"vector": [7.53, -4.96, -0.65]
						},
						"1.75": {
							"vector": [0, 0, 0]
						}
					}
				},
				"RightElbow": {
					"position": {
						"vector": [0, 0, "math.cos(query.anim_time * 90) * -0.3 -0.3"]
					}
				},
				"RightArmArmorBack": {
					"position": {
						"0.0": {
							"vector": [0, 0, 0]
						},
						"2.0": {
							"vector": [0, 0, 0]
						},
						"2.0833": {
							"vector": [0, 2, 0]
						},
						"2.125": {
							"vector": [0, 1, 0]
						},
						"2.1667": {
							"vector": [0, 3, 0]
						},
						"3.0": {
							"vector": [0, 3, 0]
						},
						"3.8333": {
							"vector": [0, 0, 0]
						},
						"3.9167": {
							"vector": [0, -1, 0]
						},
						"4.0": {
							"vector": [0, 0, 0]
						}
					}
				},
				"RightArmArmorFront": {
					"position": {
						"0.0": {
							"vector": [0, 0, 0]
						},
						"2.0": {
							"vector": [0, 0, 0]
						},
						"2.0833": {
							"vector": [0, 2, 0]
						},
						"2.125": {
							"vector": [0, 1, 0]
						},
						"2.1667": {
							"vector": [0, 3, 0]
						},
						"3.0": {
							"vector": [0, 3, 0]
						},
						"3.8333": {
							"vector": [0, 0, 0]
						},
						"3.9167": {
							"vector": [0, -1, 0]
						},
						"4.0": {
							"vector": [0, 0, 0]
						}
					}
				},
				"LeftElbow": {
					"position": {
						"vector": [0, 0, "math.cos(query.anim_time * 90) * -0.3 -0.3"]
					}
				},
				"LeftArmArmorBack": {
					"position": {
						"0.0": {
							"vector": [0, 0, 0]
						},
						"2.0": {
							"vector": [0, 0, 0]
						},
						"2.0833": {
							"vector": [0, 2, 0]
						},
						"2.125": {
							"vector": [0, 1, 0]
						},
						"2.1667": {
							"vector": [0, 3, 0]
						},
						"3.0": {
							"vector": [0, 3, 0]
						},
						"3.8333": {
							"vector": [0, 0, 0]
						},
						"3.9167": {
							"vector": [0, -1, 0]
						},
						"4.0": {
							"vector": [0, 0, 0]
						}
					}
				},
				"LeftArmArmorFront": {
					"position": {
						"0.0": {
							"vector": [0, 0, 0]
						},
						"2.0": {
							"vector": [0, 0, 0]
						},
						"2.0833": {
							"vector": [0, 2, 0]
						},
						"2.125": {
							"vector": [0, 1, 0]
						},
						"2.1667": {
							"vector": [0, 3, 0]
						},
						"3.0": {
							"vector": [0, 3, 0]
						},
						"3.8333": {
							"vector": [0, 0, 0]
						},
						"3.9167": {
							"vector": [0, -1, 0]
						},
						"4.0": {
							"vector": [0, 0, 0]
						}
					}
				}
			}
		},
		"animation.robo_pounder.rage_crash": {
			"loop": "hold_on_last_frame",
			"animation_length": 8.7,
			"bones": {
				"Body": {
					"position": {
						"0.0": {
							"vector": [0, -6, 0]
						},
						"0.1667": {
							"vector": [0, -6, 0]
						},
						"0.375": {
							"vector": [0, 0, 0]
						},
						"1.0": {
							"vector": [0, -4, 0]
						}
					}
				},
				"LowerBody": {
					"rotation": {
						"0.0": {
							"vector": [0, -10, 0]
						},
						"0.5": {
							"vector": [0, 15, 0]
						}
					}
				},
				"LeftLeg": {
					"rotation": {
						"0.0": {
							"vector": [-7.19, -3.81, -9.25]
						},
						"0.5": {
							"vector": [12.81, -3.81, -9.25]
						},
						"0.75": {
							"vector": [2.81, -3.81, -9.25]
						},
						"1.0": {
							"vector": [-2.19, -3.81, -9.25]
						}
					}
				},
				"LeftLeg2": {
					"rotation": {
						"0.0": {
							"vector": [32.10382, -5.35355, 8.45862]
						},
						"0.5": {
							"vector": [2.10382, -5.35355, 8.45862]
						},
						"0.75": {
							"vector": [12.10382, -5.35355, 8.45862]
						},
						"1.0": {
							"vector": [17.10382, -5.35355, 8.45862]
						}
					}
				},
				"LeftFoot": {
					"rotation": {
						"0.0": {
							"vector": [-25, 0, 0]
						},
						"0.5": {
							"vector": [-15, 0, 0]
						}
					}
				},
				"RightLeg": {
					"rotation": {
						"0.0": {
							"vector": [-30.2752, 16.28056, 9.65973]
						},
						"0.1667": {
							"vector": [-12.7752, 16.28056, 9.65973]
						},
						"0.375": {
							"vector": [6.57729, 31.21005, 8.06542]
						},
						"0.625": {
							"vector": [33.7431, 25.98445, 17.78515]
						},
						"0.7917": {
							"vector": [13.88298, 43.07618, 22.38895]
						},
						"1.0": {
							"vector": [-6.11702, 43.07618, 22.38895]
						}
					}
				},
				"RightLeg2": {
					"rotation": {
						"0.0": {
							"vector": [12.10382, 5.35355, -8.45862]
						},
						"0.1667": {
							"vector": [37.10382, 5.35355, -8.45862]
						},
						"0.3333": {
							"vector": [22.10382, 5.35355, -8.45862]
						},
						"0.625": {
							"vector": [-3.98708, 4.60014, -20.98339]
						},
						"0.7917": {
							"vector": [13.51292, 4.60014, -20.98339]
						},
						"1.0": {
							"vector": [13.96032, 2.50032, -13.76907]
						}
					}
				},
				"RightFoot": {
					"rotation": {
						"0.0": {
							"vector": [22.5, 0, 0]
						},
						"0.1667": {
							"vector": [-22.5, 0, 0]
						},
						"0.4583": {
							"vector": [-10, 0, 0]
						},
						"0.75": {
							"vector": [-22.5, 0, 0]
						},
						"0.875": {
							"vector": [-2.5, 0, 0]
						},
						"1.0": {
							"vector": [7.5, 0, 0]
						}
					}
				},
				"UpperBody": {
					"rotation": {
						"0.0": {
							"vector": [0, 15, 0]
						},
						"0.0833": {
							"vector": [21.70081, 26.68855, 4.75262]
						},
						"0.2083": {
							"vector": [-0.15957, 11.68988, 4.79655]
						},
						"1.0": {
							"vector": [17.34043, 11.68988, 4.79655]
						},
						"1.0833": {
							"vector": [12.34043, 11.68988, 4.79655]
						},
						"1.1667": {
							"vector": [17.34043, 11.68988, 4.79655]
						}
					}
				},
				"BodyArmorRight": {
					"rotation": {
						"0.0": {
							"vector": [0, 0, 0]
						},
						"0.5": {
							"vector": [2.74715, -12.19908, -12.79362]
						}
					},
					"position": {
						"vector": [0, 6, -4]
					}
				},
				"BodyArmorLeft": {
					"rotation": {
						"0.0": {
							"vector": [0, 0, 0]
						},
						"0.5": {
							"vector": [0, -25, 17.5]
						}
					},
					"position": {
						"vector": [0, 6, -4]
					}
				},
				"BodyArmorMiddle": {
					"rotation": {
						"0.0": {
							"vector": [0, 0, 0]
						},
						"0.5": {
							"vector": [-12.5, -15, 0]
						}
					},
					"position": {
						"vector": [0, 6, -4]
					}
				},
				"Head": {
					"rotation": {
						"0.0": {
							"vector": [15, 0, 0]
						},
						"0.1667": {
							"vector": [15.34721, -12.06754, -3.28396]
						},
						"0.3333": {
							"vector": [-9.65279, -12.06754, -3.28396]
						},
						"1.0": {
							"vector": [7.84721, -12.06754, -3.28396]
						},
						"1.0833": {
							"vector": [5.34721, -12.06754, -3.28396]
						},
						"1.1667": {
							"vector": [7.84721, -12.06754, -3.28396]
						}
					},
					"position": {
						"vector": [0, -4, 4]
					}
				},
				"Eye": {
					"position": {
						"0.0": {
							"vector": [0, 0, 0]
						},
						"1.1667": {
							"vector": [0, 0, 1]
						}
					}
				},
				"RightEar": {
					"rotation": {
						"0.0": {
							"vector": [40, -40, 0]
						},
						"0.1667": {
							"vector": [20.68319, -25.88562, 12.40649]
						},
						"0.5": {
							"vector": [42.85313, -39.50262, -0.73311]
						}
					}
				},
				"LeftEar": {
					"rotation": {
						"0.0": {
							"vector": [40, 40, 0]
						},
						"0.1667": {
							"vector": [30, 40, 0]
						},
						"0.5": {
							"vector": [70, 40, 0]
						}
					}
				},
				"RightJaw": {
					"rotation": {
						"0.0": {
							"vector": [0, 0, 0]
						},
						"0.1667": {
							"vector": [0, -7.5, 0]
						},
						"0.5": {
							"vector": [19.82232, -0.44716, 2.55876]
						},
						"1.0": {
							"vector": [9.82232, -0.44716, 2.55876]
						}
					}
				},
				"LeftJaw": {
					"rotation": {
						"0.0": {
							"vector": [0, 0, 0]
						},
						"0.1667": {
							"vector": [0, -10, 0]
						},
						"0.5": {
							"vector": [24.6355, -3.1909, 3.16711]
						},
						"1.0": {
							"vector": [9.78854, -10.58372, 1.89358]
						}
					}
				},
				"RightArm": {
					"rotation": {
						"0.0": {
							"vector": [15, 0, 0]
						},
						"0.1667": {
							"vector": [27.5, 0, 0]
						},
						"0.3333": {
							"vector": [20.20212, -6.64851, -3.47875]
						},
						"0.75": {
							"vector": [10.20212, -6.64851, -3.47875]
						},
						"0.875": {
							"vector": [20.59961, -19.30489, 12.55658]
						},
						"1.1667": {
							"vector": [-4.40039, -19.30489, 12.55658]
						}
					}
				},
				"RightHand": {
					"rotation": {
						"0.0": {
							"vector": [-80, 0, 0]
						},
						"0.1667": {
							"vector": [-65, 0, 0]
						},
						"0.75": {
							"vector": [-32.5, 0, 0]
						},
						"0.875": {
							"vector": [-42.5, 0, 0]
						}
					}
				},
				"RightArmArmorBack": {
					"rotation": {
						"0.0": {
							"vector": [0, 0, 0]
						},
						"0.8333": {
							"vector": [12.5, 0, 0]
						}
					},
					"position": {
						"vector": [5, 2, 1]
					}
				},
				"RightArmArmorFront": {
					"rotation": {
						"0.0": {
							"vector": [0, 0, 0]
						},
						"0.8333": {
							"vector": [22.5, 0, 0]
						}
					},
					"position": {
						"vector": [5, 2, -1]
					}
				},
				"LeftArm": {
					"rotation": {
						"0.0": {
							"vector": [15, 0, 0]
						},
						"0.1667": {
							"vector": [3.1054, 3.40564, 0.21792]
						},
						"0.5": {
							"vector": [25.77991, -19.06035, -1.03888]
						},
						"1.1667": {
							"vector": [-6.72009, -19.06035, -1.03888]
						}
					}
				},
				"LeftHand": {
					"rotation": {
						"0.0": {
							"vector": [-80, 0, 0]
						},
						"0.1667": {
							"vector": [-37.5, 0, 0]
						},
						"0.5": {
							"vector": [-25, 0, 0]
						},
						"1.0": {
							"vector": [-25, 0, 0]
						},
						"1.1667": {
							"vector": [-7.5, 0, 0]
						}
					}
				},
				"LeftArmArmorBack": {
					"rotation": {
						"0.0": {
							"vector": [0, 0, 0]
						},
						"0.5": {
							"vector": [-10, -10, 0]
						}
					},
					"position": {
						"vector": [-5, 2, 1]
					}
				},
				"LeftArmArmorFront": {
					"rotation": {
						"0.0": {
							"vector": [0, 0, 0]
						},
						"0.5": {
							"vector": [-12.79362, -12.19908, 2.74715]
						}
					},
					"position": {
						"vector": [-5, 2, -1]
					}
				}
			}
		},
		"animation.robo_pounder.rage_revive": {
			"animation_length": 1.8,
			"bones": {
				"Body": {
					"position": {
						"0.0": {
							"vector": [0, -4, 0]
						},
						"0.75": {
							"vector": [0, -4, 0]
						},
						"1.5": {
							"vector": [0, 0, 0]
						}
					}
				},
				"LowerBody": {
					"rotation": {
						"0.0": {
							"vector": [0, 15, 0]
						},
						"0.75": {
							"vector": [0, 15, 0]
						},
						"1.5": {
							"vector": [0, 0, 0]
						}
					}
				},
				"LeftLeg": {
					"rotation": {
						"0.0": {
							"vector": [-2.19, -3.81, -9.25]
						},
						"0.75": {
							"vector": [-2.19, -3.81, -9.25]
						},
						"1.5": {
							"vector": [0, 0, -7.5]
						}
					}
				},
				"LeftLeg2": {
					"rotation": {
						"0.0": {
							"vector": [17.10382, -5.35355, 8.45862]
						},
						"0.75": {
							"vector": [17.1, -5.35, 8.46]
						},
						"1.5": {
							"vector": [0, 0, 7.5]
						}
					}
				},
				"LeftFoot": {
					"rotation": {
						"0.0": {
							"vector": [-15, 0, 0]
						},
						"0.75": {
							"vector": [-15, 0, 0]
						},
						"1.5": {
							"vector": [0, 0, 0]
						}
					}
				},
				"RightLeg": {
					"rotation": {
						"0.0": {
							"vector": [-6.11702, 43.07618, 22.38895]
						},
						"0.75": {
							"vector": [-6.12, 43.08, 22.39]
						},
						"1.125": {
							"vector": [-21.51911, 10.4127, 10.32201]
						},
						"1.5": {
							"vector": [0, 0, 7.5]
						}
					}
				},
				"RightLeg2": {
					"rotation": {
						"0.0": {
							"vector": [13.96032, 2.50032, -13.76907]
						},
						"0.75": {
							"vector": [13.96, 2.5, -13.77]
						},
						"1.125": {
							"vector": [38.96, 2.5, -13.77]
						},
						"1.5": {
							"vector": [0, 0, -7.5]
						}
					}
				},
				"RightFoot": {
					"rotation": {
						"0.0": {
							"vector": [7.5, 0, 0]
						},
						"0.75": {
							"vector": [7.5, 0, 0]
						},
						"1.5": {
							"vector": [0, 0, 0]
						}
					}
				},
				"UpperBody": {
					"rotation": {
						"0.0": {
							"vector": [17.34043, 11.68988, 4.79655]
						},
						"0.75": {
							"vector": [17.34, 11.69, 4.8]
						},
						"1.5": {
							"vector": [0, 0, 0]
						}
					}
				},
				"BodyArmorRight": {
					"rotation": {
						"0.0": {
							"vector": [2.74715, -12.19908, -12.79362]
						},
						"0.5833": {
							"vector": [0, 0, 0]
						}
					},
					"position": {
						"0.0": {
							"vector": [0, 6, -4]
						},
						"0.75": {
							"vector": [0, 6, -4]
						},
						"0.9167": {
							"vector": [0, 6, 0]
						},
						"0.9583": {
							"vector": [0, 6, -2]
						},
						"1.0": {
							"vector": [0, 6, 0]
						},
						"1.25": {
							"vector": [0, 0, 0]
						}
					}
				},
				"BodyArmorLeft": {
					"rotation": {
						"0.0": {
							"vector": [0, -25, 17.5]
						},
						"0.5833": {
							"vector": [0, 0, 0]
						}
					},
					"position": {
						"0.0": {
							"vector": [0, 6, -4]
						},
						"0.75": {
							"vector": [0, 6, -4]
						},
						"0.9167": {
							"vector": [0, 6, 0]
						},
						"0.9583": {
							"vector": [0, 6, -2]
						},
						"1.0": {
							"vector": [0, 6, 0]
						},
						"1.25": {
							"vector": [0, 0, 0]
						}
					}
				},
				"BodyArmorMiddle": {
					"rotation": {
						"0.0": {
							"vector": [-12.5, -15, 0]
						},
						"0.5833": {
							"vector": [0, 0, 0]
						}
					},
					"position": {
						"0.0": {
							"vector": [0, 6, -4]
						},
						"0.75": {
							"vector": [0, 6, -4]
						},
						"0.9167": {
							"vector": [0, 6, 0]
						},
						"0.9583": {
							"vector": [0, 6, -1]
						},
						"1.0": {
							"vector": [0, 6, 0]
						},
						"1.25": {
							"vector": [0, 0, 0]
						}
					}
				},
				"Head": {
					"rotation": {
						"0.0": {
							"vector": [7.84721, -12.06754, -3.28396]
						},
						"0.25": {
							"vector": [-10, -10, 0]
						},
						"0.75": {
							"vector": [-10, -10, 0]
						},
						"1.5": {
							"vector": [0, 0, 0]
						}
					},
					"position": {
						"0.0": {
							"vector": [0, -4, 4]
						},
						"0.75": {
							"vector": [0, -4, 4]
						},
						"0.9167": {
							"vector": [0, 0, 0]
						},
						"0.9583": {
							"vector": [0, -1, 1]
						},
						"1.0": {
							"vector": [0, 0, 0]
						}
					}
				},
				"Eye": {
					"position": {
						"0.0": {
							"vector": [0, 0, 1]
						},
						"0.25": {
							"vector": [0, 0, 0]
						}
					}
				},
				"RightEar": {
					"rotation": {
						"0.0": {
							"vector": [42.85313, -39.50262, -0.73311]
						},
						"0.75": {
							"vector": [42.85, -39.5, -0.73]
						},
						"1.0": {
							"vector": [0, 0, 0]
						}
					}
				},
				"LeftEar": {
					"rotation": {
						"0.0": {
							"vector": [70, 40, 0]
						},
						"0.75": {
							"vector": [70, 40, 0]
						},
						"1.0": {
							"vector": [0, 0, 0]
						}
					}
				},
				"RightJaw": {
					"rotation": {
						"0.0": {
							"vector": [9.82232, -0.44716, 2.55876]
						},
						"0.5": {
							"vector": [0, 0, 0]
						}
					}
				},
				"LeftJaw": {
					"rotation": {
						"0.0": {
							"vector": [9.78854, -10.58372, 1.89358]
						},
						"0.5": {
							"vector": [0, 0, 0]
						}
					}
				},
				"RightArm": {
					"rotation": {
						"0.0": {
							"vector": [-4.40039, -19.30489, 12.55658]
						},
						"0.75": {
							"vector": [-4.4, -19.3, 12.56]
						},
						"1.5": {
							"vector": ["math.cos(query.anim_time * 90) * 2 +10", 0, "math.cos(query.anim_time * 90) * -1 +10"]
						}
					}
				},
				"RightHand": {
					"rotation": {
						"0.0": {
							"vector": [-42.5, 0, 0]
						},
						"0.75": {
							"vector": [-42.5, 0, 0]
						},
						"1.5": {
							"vector": [-40, 0, 0]
						}
					}
				},
				"RightArmArmorBack": {
					"rotation": {
						"0.0": {
							"vector": [12.5, 0, 0]
						},
						"0.5833": {
							"vector": [0, 0, 0]
						}
					},
					"position": {
						"0.0": {
							"vector": [5, 2, 1]
						},
						"0.75": {
							"vector": [5, 2, 1]
						},
						"0.9167": {
							"vector": [0, 2, 0]
						},
						"0.9583": {
							"vector": [1, 2, 1]
						},
						"1.0": {
							"vector": [0, 2, 0]
						},
						"1.25": {
							"vector": [0, 0, 0]
						}
					}
				},
				"RightArmArmorFront": {
					"rotation": {
						"0.0": {
							"vector": [22.5, 0, 0]
						},
						"0.5833": {
							"vector": [0, 0, 0]
						}
					},
					"position": {
						"0.0": {
							"vector": [5, 2, -1]
						},
						"0.75": {
							"vector": [5, 2, -1]
						},
						"0.9167": {
							"vector": [0, 2, 0]
						},
						"0.9583": {
							"vector": [1, 2, -1]
						},
						"1.0": {
							"vector": [0, 2, 0]
						},
						"1.25": {
							"vector": [0, 0, 0]
						}
					}
				},
				"LeftArm": {
					"rotation": {
						"0.0": {
							"vector": [-6.72009, -19.06035, -1.03888]
						},
						"0.75": {
							"vector": [-6.72, -19.06, -1.04]
						},
						"1.5": {
							"vector": ["math.cos(query.anim_time * 90) * 2 +10", 0, "math.cos(query.anim_time * 90) * 1 -10"]
						}
					}
				},
				"LeftHand": {
					"rotation": {
						"0.0": {
							"vector": [-7.5, 0, 0]
						},
						"0.75": {
							"vector": [-7.5, 0, 0]
						},
						"1.5": {
							"vector": [-40, 0, 0]
						}
					}
				},
				"LeftArmArmorBack": {
					"rotation": {
						"0.0": {
							"vector": [-10, -10, 0]
						},
						"0.5833": {
							"vector": [0, 0, 0]
						}
					},
					"position": {
						"0.0": {
							"vector": [-5, 2, 1]
						},
						"0.75": {
							"vector": [-5, 2, 1]
						},
						"0.9167": {
							"vector": [0, 2, 0]
						},
						"0.9583": {
							"vector": [-1, 2, 1]
						},
						"1.0": {
							"vector": [0, 2, 0]
						},
						"1.25": {
							"vector": [0, 0, 0]
						}
					}
				},
				"LeftArmArmorFront": {
					"rotation": {
						"0.0": {
							"vector": [-12.79362, -12.19908, 2.74715]
						},
						"0.5833": {
							"vector": [0, 0, 0]
						}
					},
					"position": {
						"0.0": {
							"vector": [-5, 2, -1]
						},
						"0.75": {
							"vector": [-5, 2, -1]
						},
						"0.9167": {
							"vector": [0, 2, 0]
						},
						"0.9583": {
							"vector": [-1, 2, -1]
						},
						"1.0": {
							"vector": [0, 2, 0]
						},
						"1.25": {
							"vector": [0, 0, 0]
						}
					}
				}
			}
		},
		"animation.robo_pounder.death": {
			"loop": "hold_on_last_frame",
			"animation_length": 8,
			"bones": {
				"Body": {
					"rotation": {
						"0.0": {
							"vector": [0, 0, 0]
						},
						"0.75": {
							"vector": [3.75, 0, 0]
						},
						"1.0": {
							"vector": [15, 0, 0]
						},
						"1.75": {
							"vector": [20.83, 0, 0]
						},
						"2.0": {
							"vector": [85, 0, 0]
						}
					},
					"position": {
						"0.0": {
							"vector": [0, 0, 0]
						},
						"0.75": {
							"vector": [0, -5, -6.25]
						},
						"1.0": {
							"vector": [0, -20, -25]
						},
						"1.75": {
							"vector": [0, -21.67, -27.5]
						},
						"2.0": {
							"vector": [0, -40, -55]
						}
					}
				},
				"LeftLeg": {
					"rotation": {
						"0.0": {
							"vector": [0, 0, 0]
						},
						"0.75": {
							"vector": [12.5, 0, 0]
						},
						"1.0": {
							"vector": [37.5, 0, 0]
						},
						"1.75": {
							"vector": [46.81472, 9.18229, -8.51814]
						},
						"2.0": {
							"vector": [11.81472, 9.18229, -8.51814]
						}
					}
				},
				"LeftLeg2": {
					"rotation": {
						"0.0": {
							"vector": [0, 0, 0]
						},
						"0.75": {
							"vector": [17.5, 0, 0]
						},
						"1.75": {
							"vector": [10, 0, 0]
						},
						"2.0": {
							"vector": [-17.75313, 9.53274, -3.03513]
						}
					}
				},
				"LeftFoot": {
					"rotation": {
						"0.0": {
							"vector": [0, 0, 0]
						},
						"0.75": {
							"vector": [-32.5, 0, 0]
						},
						"1.0": {
							"vector": [12.5, 0, 0]
						},
						"2.0": {
							"vector": [37.5, 0, 0]
						}
					}
				},
				"RightLeg": {
					"rotation": {
						"0.0": {
							"vector": [0, 0, 0]
						},
						"0.75": {
							"vector": [12.5, 0, 0]
						},
						"1.0": {
							"vector": [37.5, 0, 0]
						},
						"1.75": {
							"vector": [47.06283, -7.35559, 6.79333]
						},
						"2.0": {
							"vector": [22.06283, -7.35559, 6.79333]
						}
					}
				},
				"RightLeg2": {
					"rotation": {
						"0.0": {
							"vector": [0, 0, 0]
						},
						"0.75": {
							"vector": [17.5, 0, 0]
						},
						"1.75": {
							"vector": [10, 0, 0]
						},
						"2.0": {
							"vector": [-43.49069, 11.00072, -10.26078]
						}
					}
				},
				"RightFoot": {
					"rotation": {
						"0.0": {
							"vector": [0, 0, 0]
						},
						"0.75": {
							"vector": [-32.5, 0, 0]
						},
						"1.0": {
							"vector": [12.5, 0, 0]
						}
					}
				},
				"UpperBody": {
					"rotation": {
						"0.0": {
							"vector": [0, 0, 0]
						},
						"0.75": {
							"vector": [-10, 0, 0]
						},
						"1.0": {
							"vector": [20, 0, 0]
						},
						"1.0833": {
							"vector": [15, 0, 0]
						},
						"1.1667": {
							"vector": [20, 0, 0]
						},
						"1.25": {
							"vector": [17.5, 0, 0]
						},
						"1.3333": {
							"vector": [20, 0, 0]
						},
						"1.75": {
							"vector": [20, 0, 0]
						},
						"1.9167": {
							"vector": [-5, 0, 0]
						},
						"1.9583": {
							"vector": [-12.5, 0, 0]
						},
						"2.0": {
							"vector": [-5, 0, 0]
						}
					}
				},
				"Head": {
					"rotation": {
						"0.0": {
							"vector": [0, 0, 0]
						},
						"0.75": {
							"vector": [-7.5, 0, 0]
						},
						"1.0": {
							"vector": [22.5, 0, 0]
						},
						"1.0833": {
							"vector": [12.5, 0, 0]
						},
						"1.1667": {
							"vector": [22.5, 0, 0]
						},
						"1.25": {
							"vector": [17.5, 0, 0]
						},
						"1.3333": {
							"vector": [22.5, 0, 0]
						},
						"1.75": {
							"vector": [-42.5, 0, 0]
						},
						"1.9167": {
							"vector": [-85, 0, 0]
						},
						"1.9583": {
							"vector": [-90, 0, 0]
						},
						"2.0": {
							"vector": [-85, 0, 0]
						}
					}
				},
				"Eye": {
					"position": {
						"1.75": {
							"vector": [0, 0, 0]
						},
						"2.0": {
							"vector": [0, 0, 1]
						}
					}
				},
				"RightJaw": {
					"rotation": {
						"0.0": {
							"vector": [0, 0, 0]
						},
						"1.0": {
							"vector": [15, 10, 0]
						},
						"1.75": {
							"vector": [35, 10, 0]
						},
						"2.0": {
							"vector": [2.58145, 17.49265, 0.34203]
						}
					}
				},
				"LeftJaw": {
					"rotation": {
						"0.0": {
							"vector": [0, 0, 0]
						},
						"1.0": {
							"vector": [15, -10, 0]
						},
						"1.75": {
							"vector": [35, -10, 0]
						},
						"2.0": {
							"vector": [-5, -10, 0]
						}
					}
				},
				"RightArm": {
					"rotation": {
						"0.0": {
							"vector": [0, 0, 0]
						},
						"0.75": {
							"vector": [22.5, 0, 0]
						},
						"1.0": {
							"vector": [-37.68944, -20.25437, 14.97401]
						},
						"1.75": {
							"vector": [-0.18944, -20.25437, 14.97401]
						},
						"2.0": {
							"vector": [19.81056, -20.25437, 14.97401]
						}
					}
				},
				"RightHand": {
					"rotation": {
						"0.75": {
							"vector": [0, 0, 0]
						},
						"1.0": {
							"vector": [-10, 0, 0]
						},
						"1.75": {
							"vector": [-42.5, 0, 0]
						},
						"2.0": {
							"vector": [-80, 0, 0]
						}
					}
				},
				"LeftArm": {
					"rotation": {
						"0.0": {
							"vector": [0, 0, 0]
						},
						"0.75": {
							"vector": [22.5, 0, 0]
						},
						"1.0": {
							"vector": [-37.68944, 20.25437, -14.97401]
						},
						"1.75": {
							"vector": [-69.94538, 12.31459, -6.78162]
						},
						"2.0": {
							"vector": [-100.45708, -57.66342, -29.91612]
						}
					}
				},
				"LeftHand": {
					"rotation": {
						"0.75": {
							"vector": [0, 0, 0]
						},
						"1.0": {
							"vector": [-10, 0, 0]
						},
						"1.75": {
							"vector": [-45, 0, 0]
						},
						"2.0": {
							"vector": [-65.99297, 10.54529, -10.72858]
						}
					}
				}
			}
		},
		"animation.robo_pounder.rage_mode_enable": {
			"loop": "hold_on_last_frame",
			"animation_length": 1.8,
			"bones": {
				"Body": {
					"position": {
						"0.0": {
							"vector": [0, 0, 0]
						},
						"0.9167": {
							"vector": [0, -6, 0]
						},
						"0.9583": {
							"vector": [0, -5.5, 0]
						},
						"1.0": {
							"vector": [0, -6, 0]
						}
					}
				},
				"LeftLeg": {
					"rotation": {
						"0.0": {
							"vector": [0, 0, -7.5]
						},
						"1.0": {
							"vector": [-22.19157, -3.81024, -9.25249]
						}
					}
				},
				"LeftLeg2": {
					"rotation": {
						"0.0": {
							"vector": [0, 0, 7.5]
						},
						"1.0": {
							"vector": [32.10382, -5.35355, 8.45862]
						}
					}
				},
				"LeftFoot": {
					"rotation": {
						"0.0": {
							"vector": [0, 0, 0]
						},
						"1.0": {
							"vector": [-10, 0, 0]
						}
					}
				},
				"RightLeg": {
					"rotation": {
						"0.0": {
							"vector": [0, 0, 7.5]
						},
						"1.0": {
							"vector": [-22.19157, 3.81024, 9.25249]
						}
					}
				},
				"RightLeg2": {
					"rotation": {
						"0.0": {
							"vector": [0, 0, -7.5]
						},
						"1.0": {
							"vector": [32.10382, 5.35355, -8.45862]
						}
					}
				},
				"RightFoot": {
					"rotation": {
						"0.0": {
							"vector": [0, 0, 0]
						},
						"1.0": {
							"vector": [-10, 0, 0]
						}
					}
				},
				"BodyArmorRight": {
					"position": {
						"0.8333": {
							"vector": [0, 0, 0]
						},
						"1.0": {
							"vector": [0, 6, -4]
						}
					}
				},
				"BodyArmorLeft": {
					"position": {
						"0.8333": {
							"vector": [0, 0, 0]
						},
						"1.0": {
							"vector": [0, 6, -4]
						}
					}
				},
				"BodyArmorMiddle": {
					"position": {
						"0.8333": {
							"vector": [0, 0, 0]
						},
						"1.0": {
							"vector": [0, 6, -4]
						}
					}
				},
				"Head": {
					"rotation": {
						"0.0": {
							"vector": [0, 0, 0]
						},
						"1.0": {
							"vector": [15, 0, 0]
						}
					},
					"position": {
						"0.0": {
							"vector": [0, 0, 0]
						},
						"0.9167": {
							"vector": [0, -5, 3]
						},
						"1.0": {
							"vector": [0, -4, 4]
						}
					}
				},
				"RightEar": {
					"rotation": {
						"0.8333": {
							"vector": [0, 0, 0]
						},
						"1.0": {
							"vector": [40, -40, 0]
						}
					}
				},
				"LeftEar": {
					"rotation": {
						"0.8333": {
							"vector": [0, 0, 0]
						},
						"1.0": {
							"vector": [40, 40, 0]
						}
					}
				},
				"RightArm": {
					"rotation": {
						"0.0": {
							"vector": [10, 0, 5]
						},
						"0.9167": {
							"vector": [15, 0, 0]
						},
						"0.9583": {
							"vector": [17.5, 0, 0]
						},
						"1.0": {
							"vector": [15, 0, 0]
						}
					}
				},
				"RightHand": {
					"rotation": {
						"0.0": {
							"vector": [-15, 0, 0]
						},
						"0.9167": {
							"vector": [-80, 0, 0]
						},
						"0.9583": {
							"vector": [-82.5, 0, 0]
						},
						"1.0": {
							"vector": [-80, 0, 0]
						}
					}
				},
				"RightArmArmorBack": {
					"position": {
						"0.8333": {
							"vector": [0, 0, 0]
						},
						"1.0": {
							"vector": [5, 2, 1]
						}
					}
				},
				"RightArmArmorFront": {
					"position": {
						"0.8333": {
							"vector": [0, 0, 0]
						},
						"1.0": {
							"vector": [5, 2, -1]
						}
					}
				},
				"LeftArm": {
					"rotation": {
						"0.0": {
							"vector": [10, 0, -5]
						},
						"0.9167": {
							"vector": [15, 0, 0]
						},
						"0.9583": {
							"vector": [17.5, 0, 0]
						},
						"1.0": {
							"vector": [15, 0, 0]
						}
					}
				},
				"LeftHand": {
					"rotation": {
						"0.0": {
							"vector": [-15, 0, 0]
						},
						"0.9167": {
							"vector": [-80, 0, 0]
						},
						"0.9583": {
							"vector": [-82.5, 0, 0]
						},
						"1.0": {
							"vector": [-80, 0, 0]
						}
					}
				},
				"LeftArmArmorBack": {
					"position": {
						"0.8333": {
							"vector": [0, 0, 0]
						},
						"1.0": {
							"vector": [-5, 2, 1]
						}
					}
				},
				"LeftArmArmorFront": {
					"position": {
						"0.8333": {
							"vector": [0, 0, 0]
						},
						"1.0": {
							"vector": [-5, 2, -1]
						}
					}
				}
			}
		},
		"animation.robo_pounder.rage_mode_disable": {
			"loop": "hold_on_last_frame",
			"animation_length": 2,
			"bones": {
				"Body": {
					"position": {
						"0.0": {
							"vector": [0, -6, 0]
						},
						"0.8333": {
							"vector": [0, -6, 0]
						},
						"1.6667": {
							"vector": [0, 0, 0]
						}
					}
				},
				"LeftLeg": {
					"rotation": {
						"0.0": {
							"vector": [-22.19157, -3.81024, -9.25249]
						},
						"0.8333": {
							"vector": [-22.19, -3.81, -9.25]
						},
						"1.6667": {
							"vector": [0, 0, -7.5]
						}
					}
				},
				"LeftLeg2": {
					"rotation": {
						"0.0": {
							"vector": [32.10382, -5.35355, 8.45862]
						},
						"0.8333": {
							"vector": [32.1, -5.35, 8.46]
						},
						"1.6667": {
							"vector": [0, 0, 7.5]
						}
					}
				},
				"LeftFoot": {
					"rotation": {
						"0.0": {
							"vector": [-10, 0, 0]
						},
						"0.8333": {
							"vector": [-10, 0, 0]
						},
						"1.6667": {
							"vector": [0, 0, 0]
						}
					}
				},
				"RightLeg": {
					"rotation": {
						"0.0": {
							"vector": [-22.19157, 3.81024, 9.25249]
						},
						"0.8333": {
							"vector": [-22.19, 3.81, 9.25]
						},
						"1.6667": {
							"vector": [0, 0, 7.5]
						}
					}
				},
				"RightLeg2": {
					"rotation": {
						"0.0": {
							"vector": [32.10382, 5.35355, -8.45862]
						},
						"0.8333": {
							"vector": [32.1, 5.35, -8.46]
						},
						"1.6667": {
							"vector": [0, 0, -7.5]
						}
					}
				},
				"RightFoot": {
					"rotation": {
						"0.0": {
							"vector": [-10, 0, 0]
						},
						"0.8333": {
							"vector": [-10, 0, 0]
						},
						"1.6667": {
							"vector": [0, 0, 0]
						}
					}
				},
				"UpperBody": {
					"rotation": {
						"0.8333": {
							"vector": [0, 0, 0]
						},
						"1.5": {
							"vector": [-15, 0, 0]
						},
						"2.0": {
							"vector": [0, 0, 0]
						}
					}
				},
				"BodyArmorRight": {
					"position": {
						"0.0": {
							"vector": [0, 6, -4]
						},
						"0.25": {
							"vector": [0, 6, 0]
						},
						"0.3333": {
							"vector": [0, 6, -1]
						},
						"0.4167": {
							"vector": [0, 6, 0]
						},
						"0.6667": {
							"vector": [0, 6, 0]
						},
						"0.8333": {
							"vector": [0, 0, 0]
						}
					}
				},
				"BodyArmorLeft": {
					"position": {
						"0.0": {
							"vector": [0, 6, -4]
						},
						"0.25": {
							"vector": [0, 6, 0]
						},
						"0.3333": {
							"vector": [0, 6, -1]
						},
						"0.4167": {
							"vector": [0, 6, 0]
						},
						"0.6667": {
							"vector": [0, 6, 0]
						},
						"0.8333": {
							"vector": [0, 0, 0]
						}
					}
				},
				"BodyArmorMiddle": {
					"position": {
						"0.0": {
							"vector": [0, 6, -4]
						},
						"0.25": {
							"vector": [0, 6, 0]
						},
						"0.3333": {
							"vector": [0, 6, -1]
						},
						"0.4167": {
							"vector": [0, 6, 0]
						},
						"0.6667": {
							"vector": [0, 6, 0]
						},
						"0.8333": {
							"vector": [0, 0, 0]
						}
					}
				},
				"Head": {
					"rotation": {
						"0.0": {
							"vector": [15, 0, 0]
						},
						"0.75": {
							"vector": [15, 0, 0]
						},
						"1.25": {
							"vector": [-20, 0, 0]
						},
						"2.0": {
							"vector": [0, 0, 0]
						}
					},
					"position": {
						"0.0": {
							"vector": [0, -4, 4]
						},
						"0.75": {
							"vector": [0, -4, 4]
						},
						"1.25": {
							"vector": [0, 0, 0]
						}
					}
				},
				"RightEar": {
					"rotation": {
						"0.0": {
							"vector": [40, -40, 0]
						},
						"0.75": {
							"vector": [40, -40, 0]
						},
						"1.25": {
							"vector": [0, 0, 0]
						}
					}
				},
				"LeftEar": {
					"rotation": {
						"0.0": {
							"vector": [40, 40, 0]
						},
						"0.75": {
							"vector": [40, 40, 0]
						},
						"1.25": {
							"vector": [0, 0, 0]
						}
					}
				},
				"RightJaw": {
					"rotation": {
						"0.75": {
							"vector": [0, 0, 0]
						},
						"1.25": {
							"vector": [30.86748, 12.95254, 7.63074]
						},
						"2.0": {
							"vector": [0, 0, 0]
						}
					}
				},
				"LeftJaw": {
					"rotation": {
						"0.75": {
							"vector": [0, 0, 0]
						},
						"1.25": {
							"vector": [30.86748, -12.95254, -7.63074]
						},
						"2.0": {
							"vector": [0, 0, 0]
						}
					}
				},
				"RightArm": {
					"rotation": {
						"0.0": {
							"vector": [15, 0, 0]
						},
						"0.8333": {
							"vector": [10, 0, 5]
						}
					}
				},
				"RightHand": {
					"rotation": {
						"0.0": {
							"vector": [-80, 0, 0]
						},
						"0.6667": {
							"vector": [-15, 0, 0]
						},
						"0.75": {
							"vector": [-20, 0, 0]
						},
						"0.8333": {
							"vector": [-15, 0, 0]
						}
					}
				},
				"RightArmArmorBack": {
					"position": {
						"0.0": {
							"vector": [5, 2, 1]
						},
						"0.25": {
							"vector": [0, 2, 0]
						},
						"0.3333": {
							"vector": [1, 2, 1]
						},
						"0.4167": {
							"vector": [0, 2, 0]
						},
						"0.6667": {
							"vector": [0, 2, 0]
						},
						"0.8333": {
							"vector": [0, 0, 0]
						}
					}
				},
				"RightArmArmorFront": {
					"position": {
						"0.0": {
							"vector": [5, 2, -1]
						},
						"0.25": {
							"vector": [0, 2, 0]
						},
						"0.3333": {
							"vector": [1, 2, -1]
						},
						"0.4167": {
							"vector": [0, 2, 0]
						},
						"0.6667": {
							"vector": [0, 2, 0]
						},
						"0.8333": {
							"vector": [0, 0, 0]
						}
					}
				},
				"LeftArm": {
					"rotation": {
						"0.0": {
							"vector": [15, 0, 0]
						},
						"0.8333": {
							"vector": [10, 0, -5]
						}
					}
				},
				"LeftHand": {
					"rotation": {
						"0.0": {
							"vector": [-80, 0, 0]
						},
						"0.6667": {
							"vector": [-15, 0, 0]
						},
						"0.75": {
							"vector": [-20, 0, 0]
						},
						"0.8333": {
							"vector": [-15, 0, 0]
						}
					}
				},
				"LeftArmArmorBack": {
					"position": {
						"0.0": {
							"vector": [-5, 2, 1]
						},
						"0.25": {
							"vector": [0, 2, 0]
						},
						"0.3333": {
							"vector": [-1, 2, 1]
						},
						"0.4167": {
							"vector": [0, 2, 0]
						},
						"0.6667": {
							"vector": [0, 2, 0]
						},
						"0.8333": {
							"vector": [0, 0, 0]
						}
					}
				},
				"LeftArmArmorFront": {
					"position": {
						"0.0": {
							"vector": [-5, 2, -1]
						},
						"0.25": {
							"vector": [0, 2, 0]
						},
						"0.3333": {
							"vector": [-1, 2, -1]
						},
						"0.4167": {
							"vector": [0, 2, 0]
						},
						"0.6667": {
							"vector": [0, 2, 0]
						},
						"0.8333": {
							"vector": [0, 0, 0]
						}
					}
				}
			}
		},
		"animation.robo_pounder.rage_run": {
			"loop": true,
			"animation_length": 0.5,
			"bones": {
				"Body": {
					"position": {
						"0.0": {
							"vector": [0, -6, 0]
						},
						"0.125": {
							"vector": [0, -5, 0]
						},
						"0.25": {
							"vector": [0, -6, 0]
						},
						"0.375": {
							"vector": [0, -5, 0]
						},
						"0.5": {
							"vector": [0, -6, 0]
						}
					}
				},
				"LowerBody": {
					"rotation": {
						"vector": [0, "math.cos(query.anim_time * 760) * -10", 0]
					}
				},
				"LeftLeg": {
					"rotation": {
						"0.0": {
							"vector": [-7.19, -3.81, -9.25]
						},
						"0.125": {
							"vector": [-60.94, -3.81, -9.25]
						},
						"0.25": {
							"vector": [-30.2752, -16.28056, -9.65973]
						},
						"0.375": {
							"vector": [-22.19, -3.81, -9.25]
						},
						"0.5": {
							"vector": [-7.19, -3.81, -9.25]
						}
					}
				},
				"LeftLeg2": {
					"rotation": {
						"0.0": {
							"vector": [32.10382, -5.35355, 8.45862]
						},
						"0.125": {
							"vector": [42.10382, -5.35355, 8.45862]
						},
						"0.25": {
							"vector": [12.10382, -5.35355, 8.45862]
						},
						"0.375": {
							"vector": [27.10382, -5.35355, 8.45862]
						},
						"0.5": {
							"vector": [32.10382, -5.35355, 8.45862]
						}
					}
				},
				"LeftFoot": {
					"rotation": {
						"0.0": {
							"vector": [-25, 0, 0]
						},
						"0.125": {
							"vector": [20, 0, 0]
						},
						"0.25": {
							"vector": [22.5, 0, 0]
						},
						"0.375": {
							"vector": [-5, 0, 0]
						},
						"0.5": {
							"vector": [-25, 0, 0]
						}
					}
				},
				"RightLeg": {
					"rotation": {
						"0.0": {
							"vector": [-30.2752, 16.28056, 9.65973]
						},
						"0.125": {
							"vector": [-22.19, 3.81, 9.25]
						},
						"0.25": {
							"vector": [-7.19, 3.81, 9.25]
						},
						"0.375": {
							"vector": [-60.94, 3.81, 9.25]
						},
						"0.5": {
							"vector": [-30.2752, 16.28056, 9.65973]
						}
					}
				},
				"RightLeg2": {
					"rotation": {
						"0.0": {
							"vector": [12.10382, 5.35355, -8.45862]
						},
						"0.125": {
							"vector": [27.10382, 5.35355, -8.45862]
						},
						"0.25": {
							"vector": [32.10382, 5.35355, -8.45862]
						},
						"0.375": {
							"vector": [52.10382, 5.35355, -8.45862]
						},
						"0.5": {
							"vector": [12.10382, 5.35355, -8.45862]
						}
					}
				},
				"RightFoot": {
					"rotation": {
						"0.0": {
							"vector": [22.5, 0, 0]
						},
						"0.125": {
							"vector": [-5, 0, 0]
						},
						"0.25": {
							"vector": [-25, 0, 0]
						},
						"0.375": {
							"vector": [20, 0, 0]
						},
						"0.5": {
							"vector": [22.5, 0, 0]
						}
					}
				},
				"UpperBody": {
					"rotation": {
						"vector": [0, "math.cos(query.anim_time * 760) * 15", 0]
					}
				},
				"BodyArmorRight": {
					"position": {
						"vector": [0, 6, -4]
					}
				},
				"BodyArmorLeft": {
					"position": {
						"vector": [0, 6, -4]
					}
				},
				"BodyArmorMiddle": {
					"position": {
						"vector": [0, 6, -4]
					}
				},
				"Head": {
					"rotation": {
						"vector": [15, 0, 0]
					},
					"position": {
						"vector": [0, -4, 4]
					}
				},
				"RightEar": {
					"rotation": {
						"vector": ["math.cos(query.anim_time * 3040) * 10 +40", "math.cos(query.anim_time * 3040) * 10 -40", 0]
					}
				},
				"LeftEar": {
					"rotation": {
						"vector": ["math.cos(query.anim_time * 3040) * 10 +40", "math.cos(query.anim_time * 3040) * -10 +40", 0]
					}
				},
				"RightArm": {
					"rotation": {
						"0.0": {
							"vector": [15, 0, 0]
						},
						"0.5": {
							"vector": [375, 0, 0]
						}
					}
				},
				"RightHand": {
					"rotation": {
						"vector": [-80, 0, 0]
					}
				},
				"RightArmArmorBack": {
					"position": {
						"vector": [5, 2, 1]
					}
				},
				"RightArmArmorFront": {
					"position": {
						"vector": [5, 2, -1]
					}
				},
				"LeftArm": {
					"rotation": {
						"0.0": {
							"vector": [15, 0, 0]
						},
						"0.5": {
							"vector": [375, 0, 0]
						}
					}
				},
				"LeftHand": {
					"rotation": {
						"vector": [-80, 0, 0]
					}
				},
				"LeftArmArmorBack": {
					"position": {
						"vector": [-5, 2, 1]
					}
				},
				"LeftArmArmorFront": {
					"position": {
						"vector": [-5, 2, -1]
					}
				}
			}
		}
	},
	"geckolib_format_version": 2
}