{
	"format_version": "1.8.0",
	"animations": {
		"animation.rock_fish.swim_animation": {
			"loop": true,
			"animation_length": 1.76,
			"anim_time_update": "0",
			"blend_weight": "1",
			"bones": {
				"lower_jaw": {
					"rotation": {
						"vector": ["math.sin(query.anim_time * 200) * 3 +2", 0, 0]
					}
				},
				"root": {
					"rotation": {
						"vector": [0, "math.sin(query.anim_time * 200) * -8", "math.cos(query.anim_time * 200) * 3"]
					}
				},
				"tail": {
					"rotation": {
						"vector": [0, "math.sin(query.anim_time * 200) * 5", "math.cos(query.anim_time * 200) * -2"]
					}
				},
				"tail_segment": {
					"rotation": {
						"vector": [0, "math.sin(query.anim_time * 200) * 8", "math.cos(query.anim_time * 200) * 3"]
					}
				},
				"tail_segment2": {
					"rotation": {
						"vector": [0, "math.sin(query.anim_time * 200) * 8", "math.cos(query.anim_time * 200) * 3"]
					}
				},
				"tail_segment3": {
					"rotation": {
						"vector": [0, "math.sin(query.anim_time * 200) * 8", "math.cos(query.anim_time * 200) * 3"]
					}
				}
			}
		}
	}
}