{
	"format_version": "1.8.0",
	"animations": {
		"animation.tree_frog.jump_animation": {
			"loop": true,
			"animation_length": 0.5,
			"bones": {
				"bone": {
					"position": {
						"0.0": [0, 0, 0],
						"0.25": [0, 3, -1],
						"0.5": [0, 0, 0]
					}
				},
				"legback1": {
					"rotation": {
						"0.0": [0, 0, 0],
						"0.25": [0, 0, -10],
						"0.5": [0, 0, 0]
					}
				},
				"rightback2": {
					"rotation": {
						"0.0": [0, 0, 0],
						"0.25": [0, 0, -10],
						"0.5": [0, 0, 0]
					}
				},
				"foot1": {
					"rotation": {
						"0.0": [0, 0, 0],
						"0.25": [0, 0, -32.5],
						"0.5": [0, 0, 0]
					}
				},
				"foot2": {
					"rotation": {
						"0.0": [0, 0, 0],
						"0.25": [0, 0, -32.5],
						"0.5": [0, 0, 0]
					}
				},
				"frontleftleg": {
					"rotation": {
						"0.0": [0, 0, 0],
						"0.25": [0, 0, 15],
						"0.5": [0, 0, 0]
					}
				},
				"frontrightleg": {
					"rotation": {
						"0.0": [0, 0, 0],
						"0.25": [0, 0, 15],
						"0.5": [0, 0, 0]
					}
				}
			}
		}
	}
}