{
  "format_version": "1.8.0",
  "animations": {
    "animation.attack_squid.swimming": {
      "loop": true,
      "bones": {
        "righttentacle": {
          "rotation": {
            "vector": [
              "Math.cos(query.anim_time * 180) * -8",
              0,
              0
            ]
          }
        },
        "lefttentacle": {
          "rotation": {
            "vector": [
              "Math.cos(query.anim_time * 180) * 8",
              0,
              0
            ]
          }
        },
        "frontleftarm": {
          "rotation": {
            "vector": [
              "Math.cos(query.anim_time * 180) * 7",
              "Math.cos(query.anim_time * 180) * 7",
              "Math.cos(query.anim_time * 180) * 7"
            ]
          }
        },
        "backleftarm": {
          "rotation": {
            "vector": [
              "Math.cos(query.anim_time * 180) * 9",
              "Math.cos(query.anim_time * 180) * 9",
              "Math.cos(query.anim_time * 180) * 9"
            ]
          }
        },
        "backrightarm": {
          "rotation": {
            "vector": [
              0,
              "Math.cos(query.anim_time * 180) * -10",
              "Math.cos(query.anim_time * 180) * -10"
            ]
          }
        },
        "frontrightarm": {
          "rotation": {
            "vector": [
              "Math.cos(query.anim_time * 180) * -5",
              "Math.cos(query.anim_time * 180) * -5",
              "Math.cos(query.anim_time * 180) * -5"
            ]
          }
        },
        "backarm1": {
          "rotation": {
            "vector": [
              "Math.cos(query.anim_time * 180) * -8",
              "Math.cos(query.anim_time * 180) * -8",
              "Math.cos(query.anim_time * 180) * -8"
            ]
          }
        },
        "backarm2": {
          "rotation": {
            "vector": [
              "Math.cos(query.anim_time * 180) * 6",
              "Math.cos(query.anim_time * 180) * 6",
              "Math.cos(query.anim_time * 180) * 6"
            ]
          }
        },
        "backarm3": {
          "rotation": {
            "vector": [
              "Math.cos(query.anim_time * 180) * -8",
              0,
              0
            ]
          }
        },
        "backarm4": {
          "rotation": {
            "vector": [
              "Math.cos(query.anim_time * 180) * 8",
              0,
              0
            ]
          }
        },
        "attacking_squid": {
          "position": {
            "vector": [
              0,
              "Math.cos(query.anim_time * 180) * -1",
              0
            ]
          }
        }
      }
    },
    "animation.attack_squid.death": {
      "animation_length": 5.2,
      "bones": {
        "righttentacle": {
          "rotation": {
            "vector": [
              "Math.cos(query.anim_time * 180) * -8",
              0,
              0
            ]
          }
        },
        "lefttentacle": {
          "rotation": {
            "vector": [
              "Math.cos(query.anim_time * 180) * 8",
              0,
              0
            ]
          }
        },
        "frontleftarm": {
          "rotation": {
            "vector": [
              "Math.cos(query.anim_time * 180) * 7",
              "Math.cos(query.anim_time * 180) * 7",
              "Math.cos(query.anim_time * 180) * 7"
            ]
          }
        },
        "backleftarm": {
          "rotation": {
            "vector": [
              "Math.cos(query.anim_time * 180) * 9",
              "Math.cos(query.anim_time * 180) * 9",
              "Math.cos(query.anim_time * 180) * 9"
            ]
          }
        },
        "backrightarm": {
          "rotation": {
            "vector": [
              0,
              "Math.cos(query.anim_time * 180) * -10",
              "Math.cos(query.anim_time * 180) * -10"
            ]
          }
        },
        "frontrightarm": {
          "rotation": {
            "vector": [
              "Math.cos(query.anim_time * 180) * -5",
              "Math.cos(query.anim_time * 180) * -5",
              "Math.cos(query.anim_time * 180) * -5"
            ]
          }
        },
        "backarm1": {
          "rotation": {
            "vector": [
              "Math.cos(query.anim_time * 180) * -8",
              "Math.cos(query.anim_time * 180) * -8",
              "Math.cos(query.anim_time * 180) * -8"
            ]
          }
        },
        "backarm2": {
          "rotation": {
            "vector": [
              "Math.cos(query.anim_time * 180) * 6",
              "Math.cos(query.anim_time * 180) * 6",
              "Math.cos(query.anim_time * 180) * 6"
            ]
          }
        },
        "backarm3": {
          "rotation": {
            "vector": [
              "Math.cos(query.anim_time * 180) * -8",
              0,
              0
            ]
          }
        },
        "backarm4": {
          "rotation": {
            "vector": [
              "Math.cos(query.anim_time * 180) * 8",
              0,
              0
            ]
          }
        },
        "attacking_squid": {
          "rotation": {
            "0.0": {
              "vector": [
                0,
                0,
                0
              ]
            },
            "0.52": {
              "vector": [
                -90,
                0,
                0
              ]
            }
          },
          "position": {
            "0.0": {
              "vector": [
                0,
                "Math.cos(query.anim_time * 180) * -1",
                0
              ]
            },
            "0.52": {
              "vector": [
                0,
                "Math.cos(query.anim_time * 180) * -1",
                -7
              ]
            },
            "1.04": {
              "vector": [
                0,
                "Math.cos(query.anim_time * 180) * -1",
                0
              ]
            }
          },
          "scale": {
            "0.0": {
              "vector": [
                1,
                1,
                1
              ]
            },
            "0.52": {
              "vector": [
                1,
                1,
                1
              ]
            },
            "1.04": {
              "vector": [
                0,
                0,
                0
              ]
            }
          }
        }
      }
    },
    "animation.attack_squid.attack": {
      "loop": true,
      "animation_length": 1.56,
      "bones": {
        "righttentacle": {
          "rotation": {
            "0.0": {
              "vector": [
                0,
                0,
                0
              ]
            },
            "0.4": {
              "vector": [
                0,
                0,
                0
              ],
              "easing": "easeInOutSine"
            },
            "0.8": {
              "vector": [
                30,
                0,
                0
              ],
              "easing": "easeInOutSine"
            },
            "1.16": {
              "vector": [
                0,
                0,
                0
              ],
              "easing": "easeInOutSine"
            },
            "1.56": {
              "vector": [
                0,
                0,
                0
              ],
              "easing": "easeInOutSine"
            }
          }
        },
        "lefttentacle": {
          "rotation": {
            "0.0": {
              "vector": [
                0,
                0,
                0
              ]
            },
            "0.4": {
              "vector": [
                0,
                0,
                0
              ],
              "easing": "easeInOutSine"
            },
            "0.8": {
              "vector": [
                30,
                0,
                0
              ],
              "easing": "easeInOutSine"
            },
            "1.16": {
              "vector": [
                0,
                0,
                0
              ],
              "easing": "easeInOutSine"
            },
            "1.56": {
              "vector": [
                0,
                0,
                0
              ],
              "easing": "easeInOutSine"
            }
          }
        },
        "frontleftarm": {
          "rotation": {
            "vector": [
              "Math.cos(query.anim_time * 180) * 7",
              "Math.cos(query.anim_time * 180) * 7",
              "Math.cos(query.anim_time * 180) * 7"
            ]
          }
        },
        "backleftarm": {
          "rotation": {
            "vector": [
              "Math.cos(query.anim_time * 180) * 9",
              "Math.cos(query.anim_time * 180) * 9",
              "Math.cos(query.anim_time * 180) * 9"
            ]
          }
        },
        "backrightarm": {
          "rotation": {
            "vector": [
              0,
              "Math.cos(query.anim_time * 180) * -10",
              "Math.cos(query.anim_time * 180) * -10"
            ]
          }
        },
        "frontrightarm": {
          "rotation": {
            "vector": [
              "Math.cos(query.anim_time * 180) * -5",
              "Math.cos(query.anim_time * 180) * -5",
              "Math.cos(query.anim_time * 180) * -5"
            ]
          }
        },
        "backarm1": {
          "rotation": {
            "vector": [
              "Math.cos(query.anim_time * 180) * -8",
              "Math.cos(query.anim_time * 180) * -8",
              "Math.cos(query.anim_time * 180) * -8"
            ]
          }
        },
        "backarm2": {
          "rotation": {
            "vector": [
              "Math.cos(query.anim_time * 180) * 6",
              "Math.cos(query.anim_time * 180) * 6",
              "Math.cos(query.anim_time * 180) * 6"
            ]
          }
        },
        "backarm3": {
          "rotation": {
            "0.0": {
              "vector": [
                0,
                0,
                0
              ]
            },
            "0.4": {
              "vector": [
                0,
                0,
                0
              ],
              "easing": "easeInOutSine"
            },
            "0.8": {
              "vector": [
                -30,
                0,
                0
              ],
              "easing": "easeInOutSine"
            },
            "1.16": {
              "vector": [
                0,
                0,
                0
              ],
              "easing": "easeInOutSine"
            },
            "1.56": {
              "vector": [
                0,
                0,
                0
              ],
              "easing": "easeInOutSine"
            }
          }
        },
        "backarm4": {
          "rotation": {
            "0.0": {
              "vector": [
                0,
                0,
                0
              ]
            },
            "0.4": {
              "vector": [
                0,
                0,
                0
              ],
              "easing": "easeInOutSine"
            },
            "0.8": {
              "vector": [
                -30,
                0,
                0
              ],
              "easing": "easeInOutSine"
            },
            "1.16": {
              "vector": [
                0,
                0,
                0
              ],
              "easing": "easeInOutSine"
            },
            "1.56": {
              "vector": [
                0,
                0,
                0
              ],
              "easing": "easeInOutSine"
            }
          }
        },
        "attacking_squid": {
          "rotation": {
            "0.0": {
              "vector": [
                0,
                0,
                0
              ]
            },
            "0.4": {
              "vector": [
                -37.5,
                0,
                0
              ]
            },
            "1.16": {
              "vector": [
                -37.5,
                0,
                0
              ]
            },
            "1.56": {
              "vector": [
                0,
                0,
                0
              ]
            }
          },
          "position": {
            "vector": [
              0,
              "Math.cos(query.anim_time * 180) * -1",
              0
            ]
          }
        }
      }
    }
  }
}