{
	"format_version": "1.8.0",
	"animations": {
		"animation.emerald_gator.idle_animation": {
			"loop": true,
			"animation_length": 3.56,
			"anim_time_update": "0",
			"blend_weight": "1",
			"bones": {
				"Leg1": {
					"rotation": {
						"vector": ["math.cos(query.anim_time * 100) * -7", 0, 0]
					}
				},
				"Leg2": {
					"rotation": {
						"vector": ["math.cos(query.anim_time * 100) * -7", 0, 0]
					}
				},
				"Leg3": {
					"rotation": {
						"vector": ["math.cos(query.anim_time * 100) * 7", 0, 0]
					},
					"position": {
						"vector": [0, "math.cos(query.anim_time * 100) * 0.25", 0]
					}
				},
				"Leg4": {
					"rotation": {
						"vector": ["math.cos(query.anim_time * 100) * 7", 0, 0]
					},
					"position": {
						"vector": [0, "math.cos(query.anim_time * 100) * 0.25", 0]
					}
				},
				"head": {
					"rotation": {
						"vector": ["math.cos(query.anim_time * 100) * -7", 0, 0]
					}
				},
				"top_jaw": {
					"rotation": {
						"vector": ["math.cos(query.anim_time * 100) * 6", 0, 0]
					}
				},
				"bottom_jaw": {
					"rotation": {
						"vector": ["math.sin(query.anim_time * 100) * 7 +20", 0, 0]
					}
				},
				"Leg_start": {
					"rotation": {
						"vector": ["math.cos(query.anim_time * 100) * 7", 0, 0]
					}
				},
				"Leg_start2": {
					"rotation": {
						"vector": ["math.cos(query.anim_time * 100) * -7", 0, 0]
					}
				},
				"Tail": {
					"rotation": {
						"vector": ["math.cos(query.anim_time * 100) * 4", "math.sin(query.anim_time * 200) * 8", 0]
					}
				},
				"Tail_segment": {
					"rotation": {
						"vector": ["math.sin(query.anim_time * 100) * 4", "math.cos(query.anim_time * 200) * -8", 0]
					}
				},
				"Tail_segment2": {
					"rotation": {
						"vector": ["math.sin(query.anim_time * 100) * -4", "math.sin(query.anim_time * 200) * -8", 0]
					}
				}
			}
		},
		"animation.emerald_gator.walking_animation": {
			"loop": true,
			"animation_length": 1.8,
			"anim_time_update": "0",
			"blend_weight": "1",
			"bones": {
				"Leg1": {
					"rotation": {
						"vector": ["math.cos(query.anim_time * 400) * 24", 0, "math.cos(query.anim_time * 400) * -7"]
					},
					"position": {
						"vector": [0, "math.sin(query.anim_time * 400) * -0.6", 0]
					}
				},
				"Leg2": {
					"rotation": {
						"vector": ["math.cos(query.anim_time * 400) * -24", 0, "math.cos(query.anim_time * 400) * -7"]
					},
					"position": {
						"vector": [0, "math.sin(query.anim_time * 400) * 0.6", 0]
					}
				},
				"Leg3": {
					"rotation": {
						"vector": ["math.cos(query.anim_time * 400) * 24", 0, "math.cos(query.anim_time * 400) * 7"]
					},
					"position": {
						"vector": [0, "math.sin(query.anim_time * 400) * 0.6", 0]
					}
				},
				"Leg4": {
					"rotation": {
						"vector": ["math.cos(query.anim_time * 400) * -24", 0, "math.cos(query.anim_time * 400) * 7"]
					},
					"position": {
						"vector": [0, "math.sin(query.anim_time * 400) * -0.6", 0]
					}
				},
				"root": {
					"rotation": {
						"vector": [0, 0, "math.sin(query.anim_time * 400) * -3"]
					},
					"position": {
						"vector": [0, "math.cos(query.anim_time * 800) * -0.2", 0]
					}
				},
				"head": {
					"rotation": {
						"vector": [0, 0, "math.cos(query.anim_time * 400) * -14"]
					}
				},
				"bottom_jaw": {
					"rotation": {
						"vector": ["math.cos(query.anim_time * 400) * 4 +6", "math.cos(query.anim_time * 400) * -1", 0]
					}
				},
				"Leg_start": {
					"rotation": {
						"vector": [0, 0, "math.cos(query.anim_time * 400) * 7"]
					}
				},
				"Leg_start2": {
					"rotation": {
						"vector": [0, 0, "math.cos(query.anim_time * 400) * -7"]
					}
				},
				"Tail": {
					"rotation": {
						"vector": [0, "math.cos(query.anim_time * 400) * -6", 0]
					}
				},
				"Tail_segment": {
					"rotation": {
						"vector": [0, "math.sin(query.anim_time * 400) * -6", 0]
					}
				},
				"Tail_segment2": {
					"rotation": {
						"vector": [0, "math.cos(query.anim_time * 400) * 6", 0]
					}
				},
				"Leg_segment": {
					"rotation": {
						"vector": ["math.sin(query.anim_time * 400) * -24", 0, 0]
					}
				},
				"Leg_segment2": {
					"rotation": {
						"vector": ["math.sin(query.anim_time * 400) * 24", 0, 0]
					}
				},
				"Leg_segment3": {
					"rotation": {
						"vector": ["math.sin(query.anim_time * 400) * -24", 0, 0]
					}
				},
				"Leg_segment4": {
					"rotation": {
						"vector": ["math.sin(query.anim_time * 400) * 24", 0, 0]
					}
				},
				"Foot": {
					"rotation": {
						"vector": ["math.cos(query.anim_time * 400) * -24", 0, 0]
					}
				},
				"Foot2": {
					"rotation": {
						"vector": ["math.cos(query.anim_time * 400) * 24", 0, 0]
					}
				},
				"Foot3": {
					"rotation": {
						"vector": ["math.cos(query.anim_time * 400) * -24", 0, 0]
					}
				},
				"Foot4": {
					"rotation": {
						"vector": ["math.cos(query.anim_time * 400) * 24", 0, 0]
					}
				}
			}
		},
		"animation.emerald_gator.swim_animation": {
			"loop": true,
			"animation_length": 1.8,
			"anim_time_update": "0",
			"blend_weight": "1",
			"bones": {
				"Leg1": {
					"rotation": {
						"vector": ["math.sin(query.anim_time * 400) * -17 +35", 0, 0]
					},
					"position": {
						"vector": [0, -1, 0]
					}
				},
				"Leg2": {
					"rotation": {
						"vector": ["math.sin(query.anim_time * 400) * 17 +35", 0, 0]
					},
					"position": {
						"vector": [0, -1, 0]
					}
				},
				"Leg3": {
					"rotation": {
						"vector": ["math.sin(query.anim_time * 400) * -17 +35", 0, 0]
					},
					"position": {
						"vector": [0, -1, 0]
					}
				},
				"Leg4": {
					"rotation": {
						"vector": ["math.sin(query.anim_time * 400) * 17 +35", 0, 0]
					},
					"position": {
						"vector": [0, -1, 0]
					}
				},
				"root": {
					"rotation": {
						"vector": [0, "math.cos(query.anim_time * 400) * -3", "math.sin(query.anim_time * 400) * 3"]
					},
					"position": {
						"vector": [0, -3, 0]
					}
				},
				"head": {
					"rotation": {
						"vector": [0, "math.sin(query.anim_time * 400) * 4", 0]
					}
				},
				"Leg_start": {
					"rotation": {
						"vector": [0, "math.cos(query.anim_time * 400) * 9", 0]
					}
				},
				"Leg_start2": {
					"rotation": {
						"vector": ["math.sin(query.anim_time * 400) * 1 -4", "math.sin(query.anim_time * 400) * -7", 0]
					}
				},
				"Tail": {
					"rotation": {
						"vector": [0, "math.sin(query.anim_time * 400) * -7", 0]
					}
				},
				"Tail_segment": {
					"rotation": {
						"vector": [0, "math.cos(query.anim_time * 400) * 7", 0]
					}
				},
				"Tail_segment2": {
					"rotation": {
						"vector": [0, "math.cos(query.anim_time * 400) * 7", 0]
					}
				},
				"Leg_segment": {
					"rotation": {
						"vector": [12.5, 0, 0]
					}
				},
				"Leg_segment2": {
					"rotation": {
						"vector": [12.5, 0, 0]
					}
				},
				"Leg_segment3": {
					"rotation": {
						"vector": [12.5, 0, 0]
					}
				},
				"Leg_segment4": {
					"rotation": {
						"vector": [12.5, 0, 0]
					}
				},
				"Foot": {
					"rotation": {
						"vector": [40, 0, 0]
					}
				},
				"Foot2": {
					"rotation": {
						"vector": [40, 0, 0]
					}
				},
				"Foot3": {
					"rotation": {
						"vector": [40, 0, 0]
					}
				},
				"Foot4": {
					"rotation": {
						"vector": [40, 0, 0]
					}
				}
			}
		},
		"animation.emerald_gator.bite_animation": {
			"animation_length": 0.56,
			"anim_time_update": "0",
			"blend_weight": "1",
			"bones": {
				"head": {
					"rotation": {
						"0.0": {
							"vector": ["math.sin(query.anim_time * 400) * -16", 0, 0]
						},
						"0.24": {
							"vector": ["math.sin(query.anim_time * 400) * -16", 0, 0]
						},
						"0.52": {
							"vector": [0, 0, 0],
							"easing": "easeInBounce",
							"easingArgs": [0]
						}
					}
				},
				"top_jaw": {
					"rotation": {
						"0.0": {
							"vector": ["math.sin(query.anim_time * 400) * -16", 0, 0]
						},
						"0.24": {
							"vector": ["math.sin(query.anim_time * 400) * -14", 0, 0],
							"easing": "linear"
						},
						"0.52": {
							"vector": [0, 0, 0],
							"easing": "easeInBounce",
							"easingArgs": [0]
						}
					}
				},
				"bottom_jaw": {
					"rotation": {
						"0.0": {
							"vector": ["math.sin(query.anim_time * 400) * 16", 0, 0]
						},
						"0.24": {
							"vector": ["math.sin(query.anim_time * 400) * 32", 0, 0],
							"easing": "easeInElastic"
						},
						"0.52": {
							"vector": [0, 0, 0],
							"easing": "easeInBounce",
							"easingArgs": [0]
						}
					}
				}
			}
		}
	},
	"geckolib_format_version": 2
}