{
	"format_version": "1.8.0",
	"animations": {
		"animation.ent.idle_animation": {
			"loop": true,
			"animation_length": 1.56,
			"anim_time_update": "0",
			"blend_weight": "1",
			"bones": {
				"Head": {
					"rotation": {
						"0.0": {
							"vector": [0, 0, 0]
						},
						"0.68": {
							"vector": [-2.5, 0, 0]
						},
						"1.56": {
							"vector": [0, 0, 0]
						}
					},
					"position": {
						"0.0": {
							"vector": [0, 0, 0]
						},
						"0.68": {
							"vector": [0, 0, 0]
						},
						"1.56": {
							"vector": [0, 0, 0]
						}
					}
				},
				"Right_Leg": {
					"rotation": {
						"0.0": {
							"vector": [0, 0, 0]
						},
						"0.76": {
							"vector": [-2, 0, 0.5]
						},
						"1.52": {
							"vector": [0, 0, 0]
						}
					},
					"position": {
						"0.0": {
							"vector": [0, 0, 0]
						},
						"0.76": {
							"vector": [0, 0, 0]
						}
					}
				},
				"right_leg2": {
					"rotation": {
						"0.0": {
							"vector": [0, 0, 0]
						},
						"0.76": {
							"vector": [3, 0, 0]
						},
						"1.4": {
							"vector": [0, 0, 0]
						}
					},
					"position": {
						"0.0": {
							"vector": [0, 0, 0]
						},
						"0.76": {
							"vector": [0, 0, 1.75]
						},
						"1.4": {
							"vector": [0, 0, 0]
						}
					}
				},
				"Left_Leg": {
					"rotation": {
						"0.0": {
							"vector": [0, 0, 0]
						},
						"0.76": {
							"vector": [-2, 0, 0.5]
						},
						"1.52": {
							"vector": [0, 0, 0]
						}
					},
					"position": {
						"0.0": {
							"vector": [0, 0, 0]
						},
						"0.76": {
							"vector": [0, 0, 0]
						}
					}
				},
				"left_leg2": {
					"rotation": {
						"0.0": {
							"vector": [0, 0, 0]
						},
						"0.76": {
							"vector": [3, 0, 0]
						},
						"1.4": {
							"vector": [0, 0, 0]
						}
					},
					"position": {
						"0.0": {
							"vector": [0, 0, 0]
						},
						"0.76": {
							"vector": [0, 0, 1.75]
						},
						"1.4": {
							"vector": [0, 0, 0]
						}
					}
				},
				"RightArm": {
					"rotation": {
						"0.0": {
							"vector": [0, 0, 0]
						},
						"0.76": {
							"vector": [0, 0, -2]
						},
						"1.52": {
							"vector": [0, 0, 0]
						}
					},
					"position": {
						"0.0": {
							"vector": [0, 0, 0]
						},
						"0.76": {
							"vector": [0, 0, 0]
						}
					}
				},
				"LeftArm": {
					"rotation": {
						"0.0": {
							"vector": [0, 0, 0]
						},
						"0.6": {
							"vector": [0, 0, 2]
						},
						"1.52": {
							"vector": [0, 0, 0]
						}
					},
					"position": {
						"0.0": {
							"vector": [0, 0, 0]
						},
						"0.6": {
							"vector": [0, 0, 0]
						}
					}
				},
				"Chest": {
					"rotation": {
						"0.0": {
							"vector": [0, 0, 0]
						},
						"0.64": {
							"vector": [-1.5, 0, 0]
						},
						"1.32": {
							"vector": [0, 0, 0]
						}
					},
					"position": {
						"0.0": {
							"vector": [0, 0, 0]
						},
						"0.64": {
							"vector": [0, 0, 0]
						},
						"1.32": {
							"vector": [0, 0, 0]
						}
					}
				}
			}
		},
		"animation.ent.attacking_animation": {
			"animation_length": 1.48,
			"anim_time_update": "0",
			"blend_weight": "1",
			"bones": {
				"Head": {
					"rotation": {
						"0.0": {
							"vector": [0, 0, 0]
						},
						"0.24": {
							"vector": [12.21872, 7.47041, 22.48833],
							"easing": "easeInOutBack",
							"easingArgs": [1.1]
						},
						"0.52": {
							"vector": [11.36204, 8.61252, -21.20576],
							"easing": "easeInOutBack",
							"easingArgs": [1]
						},
						"0.84": {
							"vector": [16.60248, -6.55124, -4.28351],
							"easing": "easeInElastic"
						},
						"1.04": {
							"vector": [22.26076, 0.30987, 12.73994],
							"easing": "easeInElastic"
						},
						"1.28": {
							"vector": [24.95888, -10.71192, 14.1188],
							"easing": "linear"
						},
						"1.48": {
							"vector": [0, 0, 0],
							"easing": "linear"
						}
					},
					"position": {
						"0.0": {
							"vector": [0, 0, 0]
						},
						"0.24": {
							"vector": [0, 1.5, 1],
							"easing": "linear"
						},
						"0.52": {
							"vector": [0, 2.17, 1.44],
							"easing": "linear"
						},
						"0.84": {
							"vector": [0, 5, 2.125],
							"easing": "easeInOutElastic"
						},
						"1.04": {
							"vector": [0, 0, 0],
							"easing": "easeInElastic"
						},
						"1.28": {
							"vector": [0, 1.5, 1],
							"easing": "linear"
						},
						"1.48": {
							"vector": [0, 0, 0],
							"easing": "easeInBack"
						}
					}
				},
				"RightArm": {
					"rotation": {
						"0.0": {
							"vector": [0, 0, 0]
						},
						"0.36": {
							"vector": [24.91643, 2.11089, -2.03359],
							"easing": "easeInElastic"
						},
						"0.76": {
							"vector": [12.94412, 4.05928, -1.58178],
							"easing": "linear"
						},
						"1.12": {
							"vector": [-11, 0, 0],
							"easing": "easeInElastic"
						},
						"1.48": {
							"vector": [0, 0, 0],
							"easing": "easeInElastic"
						}
					},
					"position": {
						"0.0": {
							"vector": [0, 0, 0]
						},
						"0.36": {
							"vector": [0.8125, 0, 0],
							"easing": "easeInElastic"
						},
						"0.76": {
							"vector": [0.81, 1.625, 3.6875],
							"easing": "linear"
						},
						"1.12": {
							"vector": [0, 0, 0],
							"easing": "easeInElastic"
						},
						"1.48": {
							"vector": [0, 0, 0],
							"easing": "easeInElastic"
						}
					}
				},
				"LeftArm": {
					"rotation": {
						"0.0": {
							"vector": [0, 0, 0]
						},
						"0.16": {
							"vector": [-17.91852, -2.62976, 36.70369]
						},
						"0.4": {
							"vector": [-20, 0, 42.5],
							"easing": "easeOutBack"
						},
						"0.6": {
							"vector": [-19.9299, -1.70818, 37.80014],
							"easing": "linear"
						},
						"0.76": {
							"vector": [-19.5623, 4.2453, 54.26782],
							"easing": "linear"
						},
						"1.04": {
							"vector": [-56.92055, -39.27099, 18.09896],
							"easing": "easeInElastic"
						},
						"1.28": {
							"vector": [-17.91852, -2.62976, 36.70369]
						},
						"1.48": {
							"vector": [0, 0, 0],
							"easing": "easeInElastic"
						}
					},
					"position": {
						"0.0": {
							"vector": [0, 0, 0]
						},
						"0.16": {
							"vector": [4.82, 0.19, 5.85]
						},
						"0.4": {
							"vector": [4.6875, 0.1875, 5.6875],
							"easing": "easeOutBack"
						},
						"0.76": {
							"vector": [4.69, 0.19, 5.69]
						},
						"1.04": {
							"vector": [2.69, -6.81, -0.31],
							"easing": "easeInElastic"
						},
						"1.28": {
							"vector": [4.82, 0.19, 5.85],
							"easing": "linear"
						},
						"1.48": {
							"vector": [0, 0, 0],
							"easing": "easeInElastic"
						}
					}
				},
				"left_arm_segment": {
					"rotation": {
						"0.0": {
							"vector": [0, 0, 0]
						},
						"0.36": {
							"vector": [-35, 0, 0]
						},
						"0.76": {
							"vector": [-10, 0, 0],
							"easing": "easeOutElastic"
						},
						"1.04": {
							"vector": [-12.05893, -3.31589, -15.14966],
							"easing": "easeInElastic"
						},
						"1.28": {
							"vector": [-35, 0, 0]
						},
						"1.48": {
							"vector": [0, 0, 0],
							"easing": "easeInElastic"
						}
					},
					"position": {
						"0.0": {
							"vector": [0, 0, 0]
						},
						"0.36": {
							"vector": [0, 3, -3.0625]
						},
						"0.76": {
							"vector": [0, 3, -1.06],
							"easing": "easeOutElastic"
						},
						"1.04": {
							"vector": [3, 1.3125, -1.06],
							"easing": "easeInElastic"
						},
						"1.28": {
							"vector": [0, 3, -3.0625]
						},
						"1.48": {
							"vector": [0, 0, 0],
							"easing": "easeInElastic"
						}
					}
				},
				"Chest": {
					"rotation": {
						"0.0": {
							"vector": [0, 0, 0]
						},
						"0.56": {
							"vector": [-15.12353, 7.24305, -1.95155],
							"easing": "easeOutBack"
						},
						"0.8": {
							"vector": [-17.5, 0, 0]
						},
						"1.04": {
							"vector": [0, 0, 0],
							"easing": "easeOutBack"
						},
						"1.28": {
							"vector": [-15.12353, 7.24305, -1.95155],
							"easing": "easeOutBack"
						},
						"1.48": {
							"vector": [0, 0, 0],
							"easing": "easeInElastic"
						}
					},
					"position": {
						"0.0": {
							"vector": [0, 0, 0]
						},
						"0.56": {
							"vector": [0, 0, 6],
							"easing": "easeOutBack"
						},
						"0.8": {
							"vector": [0, 0, 7]
						},
						"1.04": {
							"vector": [0, 0, 0],
							"easing": "easeOutBack"
						},
						"1.28": {
							"vector": [0, 0, 6],
							"easing": "easeOutBack"
						},
						"1.48": {
							"vector": [0, 0, 0],
							"easing": "easeInElastic"
						}
					}
				}
			}
		},
		"animation.ent.walking_animation": {
			"loop": true,
			"animation_length": 3.6,
			"anim_time_update": "0",
			"blend_weight": "1",
			"bones": {
				"Head": {
					"rotation": {
						"vector": ["math.sin(query.anim_time * 400) * 2", 0, "math.sin(query.anim_time * 200) * 4"]
					},
					"position": {
						"vector": [0, "math.cos(query.anim_time * 400) * 0.5", 0]
					}
				},
				"Right_Leg": {
					"rotation": {
						"vector": ["math.cos(query.anim_time * 200) * -20", 0, 0]
					},
					"position": {
						"vector": [0, "math.sin(query.anim_time * 200) * -1 +1", 0]
					}
				},
				"right_leg2": {
					"rotation": {
						"vector": ["math.sin(query.anim_time * 200) * -16", 0, 0]
					},
					"position": {
						"vector": [0, 0, "math.sin(query.anim_time * 200) * -2"]
					}
				},
				"Left_Leg": {
					"rotation": {
						"vector": ["math.cos(query.anim_time * 200) * 30", 0, 0]
					},
					"position": {
						"vector": [0, "math.sin(query.anim_time * 200) * 1 +1", 0]
					}
				},
				"left_leg2": {
					"rotation": {
						"vector": ["math.sin(query.anim_time * 200) * 16", 0, 0]
					},
					"position": {
						"vector": [0, 0, "math.sin(query.anim_time * 200) * 2"]
					}
				},
				"RightArm": {
					"rotation": {
						"vector": ["math.cos(query.anim_time * 200) * 30", 0, "math.cos(query.anim_time * 200) * -10"]
					},
					"position": {
						"vector": ["math.cos(query.anim_time * 200) * -1", "math.sin(query.anim_time * 200) * 1", 0]
					}
				},
				"right_arm_segment": {
					"rotation": {
						"vector": ["math.sin(query.anim_time * 200) * -16", 0, 0]
					},
					"position": {
						"vector": [0, "math.sin(query.anim_time * 200) * 1", "math.sin(query.anim_time * 200) * -2"]
					}
				},
				"LeftArm": {
					"rotation": {
						"vector": ["math.cos(query.anim_time * 200) * -30", 0, "math.cos(query.anim_time * 200) * -10"]
					},
					"position": {
						"vector": ["math.cos(query.anim_time * 200) * -1", "math.sin(query.anim_time * 200) * -1", 0]
					}
				},
				"left_arm_segment": {
					"rotation": {
						"vector": ["math.sin(query.anim_time * 200) * 16", 0, 0]
					},
					"position": {
						"vector": [0, "math.cos(query.anim_time * 200) * 1", "math.sin(query.anim_time * 200) * 2"]
					}
				},
				"Body": {
					"position": {
						"vector": [0, "math.sin(query.anim_time * 400) * -0.6", 0]
					}
				},
				"Chest": {
					"rotation": {
						"vector": ["math.sin(query.anim_time * 400) * -2", "math.cos(query.anim_time * 200) * -5", 0]
					}
				}
			}
		},
		"animation.ent.smash_attack": {
			"loop": true,
			"animation_length": 1.48,
			"anim_time_update": "0",
			"blend_weight": "1",
			"bones": {
				"RightArm": {
					"rotation": {
						"0.0": {
							"vector": [0, 0, 0]
						},
						"0.52": {
							"vector": [-125.93866, 12.2403, -8.73739],
							"easing": "easeInElastic"
						},
						"0.72": {
							"vector": [-136.35707, 12.27659, -12.56853]
						},
						"1.12": {
							"vector": [-22.5, 0, 0],
							"easing": "easeInBounce",
							"easingArgs": [0.1]
						},
						"1.48": {
							"vector": [0, 0, 0]
						}
					},
					"position": {
						"0.0": {
							"vector": [0, 0, 0]
						},
						"0.52": {
							"vector": [0, 0, 0]
						},
						"0.72": {
							"vector": [-2, 1, 0]
						},
						"1.12": {
							"vector": [0, -8, 0],
							"easing": "easeInElastic"
						},
						"1.48": {
							"vector": [0, 0, 0],
							"easing": "easeInElastic"
						}
					}
				},
				"right_arm_segment": {
					"rotation": {
						"0.0": {
							"vector": [0, 0, 0]
						},
						"0.52": {
							"vector": [-20, 0, 0]
						},
						"0.72": {
							"vector": [-27.5, 0, 0]
						},
						"1.12": {
							"vector": [-47.5, 0, 0]
						},
						"1.4": {
							"vector": [0, 0, 0]
						}
					},
					"position": {
						"0.0": {
							"vector": [0, 0, 0]
						},
						"0.52": {
							"vector": [-1.06006, 3.9562, -2.86788]
						},
						"0.72": {
							"vector": [-1.48526, 5.30876, -2.87]
						},
						"1.12": {
							"vector": [-1.49, 5.31, -2.87]
						},
						"1.32": {
							"vector": [0, 0, 0]
						}
					}
				},
				"Head": {
					"rotation": {
						"0.0": {
							"vector": [0, 0, 0]
						},
						"0.52": {
							"vector": [22.5, 0, 0],
							"easing": "easeInElastic"
						},
						"0.72": {
							"vector": [27.5, 0, 0]
						},
						"1.12": {
							"vector": [47.5, 0, 0],
							"easing": "easeInElastic"
						},
						"1.48": {
							"vector": [0, 0, 0],
							"easing": "easeInElastic"
						}
					},
					"position": {
						"0.0": {
							"vector": [0, 0, 0]
						},
						"0.52": {
							"vector": [0, 8, 6],
							"easing": "easeInElastic"
						},
						"0.72": {
							"vector": [0, 8.625, 6.5]
						},
						"1.12": {
							"vector": [0, 2, -5],
							"easing": "easeInElastic"
						},
						"1.36": {
							"vector": [0, 0, 0]
						}
					}
				},
				"LeftArm": {
					"rotation": {
						"0.0": {
							"vector": [0, 0, 0]
						},
						"0.52": {
							"vector": [-125.93866, -12.2403, 8.73739],
							"easing": "easeInElastic"
						},
						"0.72": {
							"vector": [-136.35707, -12.27659, 12.56853]
						},
						"1.12": {
							"vector": [-22.5, 0, 0],
							"easing": "easeInBounce",
							"easingArgs": [0.1]
						},
						"1.48": {
							"vector": [0, 0, 0]
						}
					},
					"position": {
						"0.0": {
							"vector": [0, 0, 0]
						},
						"0.52": {
							"vector": [0, 0, 0]
						},
						"0.72": {
							"vector": [2, 1, 0]
						},
						"1.12": {
							"vector": [0, -8, 0],
							"easing": "easeInElastic"
						},
						"1.48": {
							"vector": [0, 0, 0],
							"easing": "easeInElastic"
						}
					}
				},
				"left_arm_segment": {
					"rotation": {
						"0.0": {
							"vector": [0, 0, 0]
						},
						"0.52": {
							"vector": [-20, 0, 0]
						},
						"0.72": {
							"vector": [-27.5, 0, 0]
						},
						"1.12": {
							"vector": [-47.5, 0, 0]
						},
						"1.4": {
							"vector": [0, 0, 0]
						}
					},
					"position": {
						"0.0": {
							"vector": [0, 0, 0]
						},
						"0.52": {
							"vector": [1.06006, 3.9562, -2.86788]
						},
						"0.72": {
							"vector": [1.48526, 5.30876, -2.87]
						},
						"1.12": {
							"vector": [1.49, 0, -2.87]
						},
						"1.32": {
							"vector": [0, 0, 0]
						}
					}
				},
				"Body": {
					"rotation": {
						"0.0": {
							"vector": [0, 0, 0]
						},
						"0.52": {
							"vector": [-10, 0, 0],
							"easing": "easeInElastic"
						},
						"0.72": {
							"vector": [-11.5, 0, 0]
						},
						"1.12": {
							"vector": [0, 0, 0],
							"easing": "easeInElastic"
						},
						"1.36": {
							"vector": [0, 0, 0]
						}
					},
					"position": {
						"0.0": {
							"vector": [0, 0, 0]
						},
						"0.52": {
							"vector": [0, -2, 0],
							"easing": "easeInElastic"
						},
						"0.72": {
							"vector": [0, -2, -0.625]
						},
						"1.12": {
							"vector": [0, -2, -3],
							"easing": "easeInElastic"
						},
						"1.36": {
							"vector": [0, 0, 0]
						}
					}
				}
			}
		},
		"animation.ent.death_animation": {
			"loop": true,
			"animation_length": 2.32,
			"anim_time_update": "0",
			"blend_weight": "1",
			"bones": {
				"Head": {
					"rotation": {
						"0.0": {
							"vector": [0, 0, 0]
						},
						"0.28": {
							"vector": [-17.26968, -1.50179, -17.43745],
							"easing": "easeInElastic"
						},
						"0.6": {
							"vector": [-45.95366, 11.03102, 26.02713],
							"easing": "easeInElastic"
						},
						"0.84": {
							"vector": [-65.96719, 19.54185, 16.52865],
							"easing": "easeInBack"
						},
						"1.72": {
							"vector": [26.53, 19.54, 16.53],
							"easing": "easeInBounce",
							"easingArgs": [0.15]
						}
					},
					"position": {
						"0.0": {
							"vector": [0, 0, 0]
						},
						"0.28": {
							"vector": [0, 1.25, -0.0625]
						},
						"0.6": {
							"vector": [0, 2.625, 0.2525]
						},
						"0.84": {
							"vector": [0, 2.625, 0.2525]
						},
						"1.72": {
							"vector": [0, -28, -25],
							"easing": "easeInBounce",
							"easingArgs": [0.15]
						}
					}
				},
				"Right_Leg": {
					"rotation": {
						"0.0": {
							"vector": [0, 0, 0]
						},
						"0.44": {
							"vector": [-4.5, 0, 0]
						},
						"0.84": {
							"vector": [4, 0, 0],
							"easing": "easeInBack"
						},
						"1.96": {
							"vector": [94, 0, 0],
							"easing": "easeInBounce",
							"easingArgs": [0.15]
						}
					},
					"position": {
						"0.0": {
							"vector": [0, 0, 0]
						},
						"0.44": {
							"vector": [0, -0.8125, 0]
						},
						"0.84": {
							"vector": [0, -0.06, 0]
						},
						"1.96": {
							"vector": [0, -20.81, -13],
							"easing": "easeInBounce",
							"easingArgs": [0.15]
						}
					}
				},
				"Left_Leg": {
					"rotation": {
						"0.0": {
							"vector": [0, 0, 0]
						},
						"0.44": {
							"vector": [-4.5, 0, 0]
						},
						"0.84": {
							"vector": [4, 0, 0],
							"easing": "easeInBack"
						},
						"1.96": {
							"vector": [94, 0, 0],
							"easing": "easeInBounce",
							"easingArgs": [0.15]
						}
					},
					"position": {
						"0.0": {
							"vector": [0, 0, 0]
						},
						"0.44": {
							"vector": [0, -0.8125, 0]
						},
						"0.84": {
							"vector": [0, -0.06, 0]
						},
						"1.96": {
							"vector": [0, -20.81, -13],
							"easing": "easeInBounce",
							"easingArgs": [0.15]
						}
					}
				},
				"RightArm": {
					"rotation": {
						"0.0": {
							"vector": [0, 0, 0]
						},
						"0.44": {
							"vector": [-13.46792, -42.406, -16.73634],
							"easing": "easeInElastic"
						},
						"0.84": {
							"vector": [-120.97, -42.41, -16.74],
							"easing": "easeOutBack"
						},
						"1.88": {
							"vector": [-83.47, -42.41, -16.74],
							"easing": "easeInBounce",
							"easingArgs": [0.15]
						}
					},
					"position": {
						"0.0": {
							"vector": [0, 0, 0]
						},
						"0.44": {
							"vector": [0, 0, 0]
						},
						"0.84": {
							"vector": [0, 0, 0]
						},
						"1.88": {
							"vector": [-4, -40, -24],
							"easing": "easeInBounce",
							"easingArgs": [0.15]
						}
					}
				},
				"LeftArm": {
					"rotation": {
						"0.0": {
							"vector": [0, 0, 0]
						},
						"0.44": {
							"vector": [-13.46792, 42.406, 16.73634],
							"easing": "easeInElastic"
						},
						"0.84": {
							"vector": [-120.97, 42.41, 16.74],
							"easing": "easeOutBack"
						},
						"1.88": {
							"vector": [-83.47, 42.41, 16.74],
							"easing": "easeInBounce",
							"easingArgs": [0.15]
						}
					},
					"position": {
						"0.0": {
							"vector": [0, 0, 0]
						},
						"0.44": {
							"vector": [0, 0, 0]
						},
						"0.84": {
							"vector": [0, 0, 0]
						},
						"1.88": {
							"vector": [4, -40, -24],
							"easing": "easeInBounce",
							"easingArgs": [0.15]
						}
					}
				},
				"Body": {
					"rotation": {
						"0.0": {
							"vector": [0, 0, 0]
						},
						"0.44": {
							"vector": [-10, 0, 0],
							"easing": "easeInElastic"
						},
						"0.84": {
							"vector": [-14, 0, 0],
							"easing": "easeInBack"
						},
						"1.88": {
							"vector": [18.5, 0, 0],
							"easing": "easeInBounce",
							"easingArgs": [0.15]
						}
					},
					"position": {
						"0.0": {
							"vector": [0, 0, 0]
						},
						"0.44": {
							"vector": [0, -3, -5.1875],
							"easing": "easeInElastic"
						},
						"0.84": {
							"vector": [0, -5.625, -7.69],
							"easing": "easeInElastic"
						},
						"1.88": {
							"vector": [0, -8, -15],
							"easing": "easeInBounce",
							"easingArgs": [0.15]
						}
					}
				}
			}
		}
	},
	"geckolib_format_version": 2
}