{
	"format_version": "1.8.0",
	"animations": {
		"animation.hercules_beetle.idle_animation": {
			"loop": true,
			"animation_length": 3.52,
			"anim_time_update": "0",
			"blend_weight": "1",
			"bones": {
				"left_back_leg": {
					"rotation": {
						"1.04": {
							"vector": [0, 0, 0]
						},
						"1.2": {
							"vector": [0, 0, -20]
						},
						"1.36": {
							"vector": [0, 0, 0]
						}
					}
				},
				"left_back_leg_Segment": {
					"rotation": {
						"1.04": {
							"vector": [0, 0, 0]
						},
						"1.2": {
							"vector": [0, 0, 40]
						},
						"1.36": {
							"vector": [0, 0, 0]
						}
					}
				},
				"Main_body": {
					"rotation": {
						"vector": ["math.sin(query.anim_time * 100) * 1", 0, 0]
					},
					"position": {
						"vector": [0, "math.cos(query.anim_time * 100) * -0.4", 0]
					}
				},
				"Head": {
					"rotation": {
						"vector": ["math.sin(query.anim_time * 100) * 4", 0, 0]
					}
				},
				"left_anthenna": {
					"rotation": {
						"vector": ["math.sin(query.anim_time * 400) * 13", "math.cos(query.anim_time * 400) * -13", 0]
					}
				},
				"right_anthenna": {
					"rotation": {
						"vector": ["math.sin(query.anim_time * 400) * -13", "math.cos(query.anim_time * 400) * -13", 0]
					}
				},
				"Top_pincher": {
					"rotation": {
						"vector": ["math.sin(query.anim_time * 100) * -3", 0, 0]
					}
				},
				"right_center_leg": {
					"rotation": {
						"0.56": {
							"vector": [0, 0, 0]
						},
						"0.72": {
							"vector": [0, 0, 20]
						},
						"0.88": {
							"vector": [0, 0, 0]
						}
					}
				},
				"right_center_Segment": {
					"rotation": {
						"0.56": {
							"vector": [0, 0, 0]
						},
						"0.72": {
							"vector": [0, 0, -40]
						},
						"0.88": {
							"vector": [0, 0, 0]
						}
					}
				},
				"left_wing": {
					"scale": {
						"vector": [0, 0, 0]
					}
				},
				"right_wing": {
					"scale": {
						"vector": [0, 0, 0]
					}
				}
			}
		},
		"animation.hercules_beetle.death_animation": {
			"loop": "hold_on_last_frame",
			"animation_length": 1.76,
			"anim_time_update": "0",
			"blend_weight": "1",
			"bones": {
				"root": {
					"rotation": {
						"0.0": {
							"vector": [0, 0, 0]
						},
						"0.28": {
							"vector": [0, 0, 0]
						},
						"0.48": {
							"vector": [0, 0, 0]
						},
						"0.76": {
							"vector": [0, 0, 0]
						}
					},
					"position": {
						"0.0": {
							"vector": [0, 0, 0]
						},
						"0.28": {
							"vector": [0, 4.1875, 0]
						},
						"0.48": {
							"vector": [0, 3.065, 0],
							"easing": "easeInElastic"
						},
						"0.76": {
							"vector": [0, 0, 0],
							"easing": "easeInElastic"
						}
					}
				},
				"Main_body": {
					"rotation": {
						"0.0": {
							"vector": ["math.sin(query.anim_time * 3200) * 0.5", "math.sin(query.anim_time * 3200) * 0.5", "math.sin(query.anim_time * 3200) * 0.5"]
						},
						"0.28": {
							"vector": ["math.sin(query.anim_time * 3200) * 0.5 -10", "math.sin(query.anim_time * 3200) * 0.5", "math.sin(query.anim_time * 3200) * 0.5"]
						},
						"0.48": {
							"vector": ["math.sin(query.anim_time * 3200) * 0.5 -30", 0, 0]
						},
						"0.76": {
							"vector": [0, -1.72616, 12.38212]
						}
					},
					"position": {
						"0.0": {
							"vector": [0, 0, 0]
						},
						"0.28": {
							"vector": [0, "math.sin(query.anim_time * 3200) * 0.5", 0]
						}
					}
				},
				"Head": {
					"rotation": {
						"0.0": {
							"vector": [0, 0, 0]
						},
						"0.32": {
							"vector": [-7.5, 0, 0]
						},
						"0.52": {
							"vector": [15, 0, 0]
						},
						"0.76": {
							"vector": [-7.38733, 1.29876, 9.91615]
						}
					},
					"position": {
						"vector": [0, 0, 0]
					}
				},
				"left_front_leg": {
					"rotation": {
						"0.0": {
							"vector": [0, 0, 0]
						},
						"0.28": {
							"vector": [0, 0, -6]
						},
						"0.52": {
							"vector": [0, 0, -6]
						},
						"0.76": {
							"vector": [0, 50, 20]
						}
					},
					"position": {
						"0.0": {
							"vector": [0, 0, 0]
						},
						"0.28": {
							"vector": [0, 0, 0]
						},
						"0.52": {
							"vector": [0, 0, 0]
						},
						"0.76": {
							"vector": [0, 0, 0]
						}
					}
				},
				"left_front_leg_Segment": {
					"rotation": {
						"0.0": {
							"vector": [0, 0, 0]
						},
						"0.28": {
							"vector": [0, 0, 35]
						},
						"0.52": {
							"vector": [0, 0, 35]
						},
						"0.76": {
							"vector": [0, 0, -40]
						}
					},
					"position": {
						"0.0": {
							"vector": [0, 0, 0]
						},
						"0.28": {
							"vector": [0, -1.1875, 0]
						},
						"0.52": {
							"vector": [0, -1.1875, 0]
						},
						"0.76": {
							"vector": [0, 0, 0]
						}
					}
				},
				"left_center_leg": {
					"rotation": {
						"0.0": {
							"vector": [0, 0, 0]
						},
						"0.28": {
							"vector": [0, 0, -11]
						},
						"0.52": {
							"vector": [0, 0, -6]
						},
						"0.76": {
							"vector": [0, 0, 17.5]
						}
					},
					"position": {
						"0.0": {
							"vector": [0, 0, 0]
						},
						"0.28": {
							"vector": [0, 0, 0]
						},
						"0.52": {
							"vector": [0, 0, 0]
						},
						"0.76": {
							"vector": [0, 0, 0]
						}
					}
				},
				"left_center_Segment": {
					"rotation": {
						"0.0": {
							"vector": [0, 0, 0]
						},
						"0.28": {
							"vector": [0, 0, 35]
						},
						"0.52": {
							"vector": [0, 0, 35]
						},
						"0.76": {
							"vector": [0, 0, -40]
						}
					},
					"position": {
						"0.0": {
							"vector": [0, 0, 0]
						},
						"0.28": {
							"vector": [0, -1.1875, 0]
						},
						"0.52": {
							"vector": [0, -1.1875, 0]
						},
						"0.76": {
							"vector": [0, 0, 0]
						}
					}
				},
				"left_back_leg": {
					"rotation": {
						"0.0": {
							"vector": [0, 0, 0]
						},
						"0.28": {
							"vector": [0, 0, -11]
						},
						"0.44": {
							"vector": [0, 0, -23.5]
						},
						"0.52": {
							"vector": [0, 0, -6]
						},
						"0.76": {
							"vector": [0, -27.5, 17.5]
						}
					},
					"position": {
						"0.0": {
							"vector": [0, 0, 0]
						},
						"0.28": {
							"vector": [0, 0, 0]
						},
						"0.44": {
							"vector": [0, 0, 0]
						},
						"0.52": {
							"vector": [0, 0, 0]
						},
						"0.76": {
							"vector": [0, 0, 0]
						}
					}
				},
				"left_back_leg_Segment": {
					"rotation": {
						"0.0": {
							"vector": [0, 0, 0]
						},
						"0.28": {
							"vector": [0, 0, 35]
						},
						"0.52": {
							"vector": [0, 0, 35]
						},
						"0.76": {
							"vector": [0, 0, -40]
						}
					},
					"position": {
						"0.0": {
							"vector": [0, 0, 0]
						},
						"0.28": {
							"vector": [0, -1.1875, 0]
						},
						"0.52": {
							"vector": [0, -1.1875, 0]
						},
						"0.76": {
							"vector": [0, 0, 0]
						}
					}
				},
				"right_front_leg": {
					"rotation": {
						"0.0": {
							"vector": [0, 0, 0]
						},
						"0.28": {
							"vector": [0, 0, 6]
						},
						"0.52": {
							"vector": [0, 0, 6]
						},
						"0.76": {
							"vector": [0, -17.5, -20]
						}
					},
					"position": {
						"0.0": {
							"vector": [0, 0, 0]
						},
						"0.28": {
							"vector": [0, 0, 0]
						},
						"0.52": {
							"vector": [0, 0, 0]
						},
						"0.76": {
							"vector": [0, 0, 0]
						}
					}
				},
				"right_front_leg_Segment": {
					"rotation": {
						"0.0": {
							"vector": [0, 0, 0]
						},
						"0.28": {
							"vector": [0, 0, -35]
						},
						"0.52": {
							"vector": [0, 0, -35]
						},
						"0.76": {
							"vector": [0, 0, 40]
						}
					},
					"position": {
						"0.0": {
							"vector": [0, 0, 0]
						},
						"0.28": {
							"vector": [0, -1.1875, 0]
						},
						"0.52": {
							"vector": [0, -1.1875, 0]
						},
						"0.76": {
							"vector": [0, 0, 0]
						}
					}
				},
				"right_center_leg": {
					"rotation": {
						"0.0": {
							"vector": [0, 0, 0]
						},
						"0.28": {
							"vector": [0, 0, 11]
						},
						"0.4": {
							"vector": [0, 0, 17]
						},
						"0.52": {
							"vector": [0, 0, 6]
						},
						"0.76": {
							"vector": [0, 0, -20]
						}
					},
					"position": {
						"0.0": {
							"vector": [0, 0, 0]
						},
						"0.28": {
							"vector": [0, 0, 0]
						},
						"0.4": {
							"vector": [0.875, 1, 0]
						},
						"0.52": {
							"vector": [0, 0, 0]
						},
						"0.76": {
							"vector": [0, 0, 0]
						}
					}
				},
				"right_center_Segment": {
					"rotation": {
						"0.0": {
							"vector": [0, 0, 0]
						},
						"0.28": {
							"vector": [0, 0, -35]
						},
						"0.52": {
							"vector": [0, 0, -35]
						},
						"0.76": {
							"vector": [0, 0, 40]
						}
					},
					"position": {
						"0.0": {
							"vector": [0, 0, 0]
						},
						"0.28": {
							"vector": [0, -1.1875, 0]
						},
						"0.52": {
							"vector": [0, -1.1875, 0]
						},
						"0.76": {
							"vector": [0, 0, 0]
						}
					}
				},
				"right_back_leg": {
					"rotation": {
						"0.0": {
							"vector": [0, 0, 0]
						},
						"0.28": {
							"vector": [0, 0, 11]
						},
						"0.52": {
							"vector": [0, 0, 6]
						},
						"0.76": {
							"vector": [0, 27.5, -20]
						}
					},
					"position": {
						"0.0": {
							"vector": [0, 0, 0]
						},
						"0.28": {
							"vector": [0, 0, 0]
						},
						"0.52": {
							"vector": [0, 0, 0]
						},
						"0.76": {
							"vector": [0, 0, 0]
						}
					}
				},
				"right_back_leg_Segment": {
					"rotation": {
						"0.0": {
							"vector": [0, 0, 0]
						},
						"0.28": {
							"vector": [0, 0, -35]
						},
						"0.52": {
							"vector": [0, 0, -35]
						},
						"0.76": {
							"vector": [0, 0, 40]
						}
					},
					"position": {
						"0.0": {
							"vector": [0, 0, 0]
						},
						"0.28": {
							"vector": [0, -1.1875, 0]
						},
						"0.52": {
							"vector": [0, -1.1875, 0]
						},
						"0.76": {
							"vector": [0, 0, 0]
						}
					}
				},
				"left_wing": {
					"scale": {
						"vector": [0, 0, 0]
					}
				},
				"right_wing": {
					"scale": {
						"vector": [0, 0, 0]
					}
				}
			}
		},
		"animation.hercules_beetle.walking_animation": {
			"loop": true,
			"animation_length": 1.8,
			"anim_time_update": "0",
			"blend_weight": "1",
			"bones": {
				"left_front_leg": {
					"rotation": {
						"vector": [0, "math.cos(query.anim_time * 400) * 22 +30", "math.sin(query.anim_time * 400) * 22 -20"]
					}
				},
				"left_center_leg": {
					"rotation": {
						"vector": [0, "math.cos(query.anim_time * 400) * -22", "math.sin(query.anim_time * 400) * -22 -20"]
					}
				},
				"left_back_leg": {
					"rotation": {
						"vector": [0, "math.sin(query.anim_time * 400) * 22 -20", "math.cos(query.anim_time * 400) * -22 -20"]
					}
				},
				"root": {
					"position": {
						"vector": [0, "math.sin(query.anim_time * 800) * -0.5", 0]
					}
				},
				"left_front_leg_Segment": {
					"rotation": {
						"vector": ["math.cos(query.anim_time * 400) * -18", 0, "math.cos(query.anim_time * 400) * -22"]
					}
				},
				"left_center_Segment": {
					"rotation": {
						"vector": ["math.cos(query.anim_time * 400) * 18", 0, "math.cos(query.anim_time * 400) * 22"]
					}
				},
				"left_back_leg_Segment": {
					"rotation": {
						"vector": ["math.cos(query.anim_time * 400) * 18", 0, "math.cos(query.anim_time * 400) * -6"]
					}
				},
				"Main_body": {
					"rotation": {
						"vector": ["math.sin(query.anim_time * 600) * -0.6", "math.sin(query.anim_time * 600) * -0.6", 0]
					}
				},
				"Head": {
					"rotation": {
						"vector": ["math.cos(query.anim_time * 200) * -2.6", 0, 0]
					},
					"position": {
						"vector": [0, "math.cos(query.anim_time * 200) * 0.6", 0]
					}
				},
				"left_anthenna": {
					"rotation": {
						"vector": ["math.sin(query.anim_time * 400) * 13", "math.cos(query.anim_time * 400) * -13", 0]
					}
				},
				"right_anthenna": {
					"rotation": {
						"vector": ["math.sin(query.anim_time * 400) * -13", "math.cos(query.anim_time * 400) * 13", 0]
					}
				},
				"Top_pincher": {
					"rotation": {
						"vector": ["math.cos(query.anim_time * 200) * 2.6", 0, 0]
					}
				},
				"right_front_leg": {
					"rotation": {
						"vector": [0, "math.cos(query.anim_time * 400) * 22 -30", "math.sin(query.anim_time * 400) * 22 +20"]
					}
				},
				"right_front_leg_Segment": {
					"rotation": {
						"vector": ["math.cos(query.anim_time * 400) * 18", 0, "math.cos(query.anim_time * 400) * -22"]
					}
				},
				"right_center_leg": {
					"rotation": {
						"vector": [0, "math.cos(query.anim_time * 400) * -22", "math.sin(query.anim_time * 400) * -22 +20"]
					}
				},
				"right_center_Segment": {
					"rotation": {
						"vector": ["math.cos(query.anim_time * 400) * -18", 0, "math.cos(query.anim_time * 400) * 22"]
					}
				},
				"right_back_leg": {
					"rotation": {
						"vector": [0, "math.sin(query.anim_time * 400) * 22 +20", "math.cos(query.anim_time * 400) * -22 +20"]
					}
				},
				"right_back_leg_Segment": {
					"rotation": {
						"vector": ["math.cos(query.anim_time * 400) * -18", 0, "math.cos(query.anim_time * 400) * -6"]
					}
				},
				"left_wing": {
					"scale": {
						"vector": [0, 0, 0]
					}
				},
				"right_wing": {
					"scale": {
						"vector": [0, 0, 0]
					}
				}
			}
		},
		"animation.hercules_beetle.attack_animation_ram": {
			"animation_length": 1.16,
			"anim_time_update": "0",
			"blend_weight": "1",
			"bones": {
				"left_front_leg": {
					"rotation": {
						"0.0": {
							"vector": [0, 0, 0]
						},
						"0.28": {
							"vector": [-37.60359, 34.3647, -38.64789],
							"easing": "easeOutBack"
						},
						"0.44": {
							"vector": [-4.89525, 48.9714, 8.636],
							"easing": "easeInBack"
						},
						"0.76": {
							"vector": [-4.89525, 48.9714, 8.636],
							"easing": "easeInBack"
						},
						"0.88": {
							"vector": [5.3868, 28.51619, -11.5857],
							"easing": "linear"
						},
						"1.16": {
							"vector": [0, 0, 0],
							"easing": "easeOutBack"
						}
					},
					"position": {
						"0.0": {
							"vector": [0, 0, 0]
						},
						"0.32": {
							"vector": [0, 0, 0]
						},
						"0.52": {
							"vector": [-2, 0.9375, 0]
						},
						"0.76": {
							"vector": [-2, 1.5025, 0]
						},
						"0.88": {
							"vector": [0, 0, 0]
						}
					}
				},
				"root": {
					"rotation": {
						"0.0": {
							"vector": [0, 0, 0]
						},
						"0.28": {
							"vector": [2, 0, 0]
						},
						"0.52": {
							"vector": [-3.5, 0, 0],
							"easing": "easeInBack"
						},
						"0.84": {
							"vector": [0, 0, 0]
						}
					},
					"position": {
						"0.0": {
							"vector": [0, 0, 0]
						},
						"0.28": {
							"vector": [0, -0.375, 0.3125]
						},
						"0.52": {
							"vector": [0, 0.3125, -1]
						},
						"0.84": {
							"vector": [0, 0, 0]
						}
					}
				},
				"Main_body": {
					"rotation": {
						"0.0": {
							"vector": [0, 0, 0]
						},
						"0.28": {
							"vector": [2.5, 0, 0],
							"easing": "easeOutBack"
						},
						"0.44": {
							"vector": [3.49522, 0.18306, -2.99441]
						},
						"0.72": {
							"vector": [-32.5, 0.18, -2.99],
							"easing": "easeOutBack"
						},
						"0.88": {
							"vector": [0, 0, 0],
							"easing": "easeOutBack",
							"easingArgs": [0.4]
						}
					},
					"position": {
						"0.0": {
							"vector": [0, 0, 0]
						},
						"0.28": {
							"vector": [0, 0, 1.4375],
							"easing": "easeInElastic"
						},
						"0.44": {
							"vector": [0, -0.1875, 0.44]
						},
						"0.72": {
							"vector": [0, 2.0625, -4.0625],
							"easing": "easeOutBack"
						},
						"0.88": {
							"vector": [0, 0, 0]
						}
					}
				},
				"Head": {
					"rotation": {
						"0.0": {
							"vector": [0, 0, 0]
						},
						"0.28": {
							"vector": [-4, 0, 0]
						},
						"0.44": {
							"vector": [-1.5, 0, 0]
						},
						"0.72": {
							"vector": [-19, 0, 0]
						},
						"0.88": {
							"vector": [0, 0, 0]
						}
					},
					"position": {
						"0.0": {
							"vector": [0, 0, 0]
						},
						"0.28": {
							"vector": [0, 0, 0]
						}
					}
				},
				"left_anthenna": {
					"rotation": {
						"0.0": {
							"vector": [0, 0, 0]
						},
						"0.32": {
							"vector": [0, 0, 0]
						},
						"0.64": {
							"vector": [50, 0, 0]
						},
						"0.84": {
							"vector": [-40, 0, 0]
						},
						"1.16": {
							"vector": [0, 0, 0],
							"easing": "easeInElastic",
							"easingArgs": [3]
						}
					}
				},
				"right_anthenna": {
					"rotation": {
						"0.0": {
							"vector": [0, 0, 0]
						},
						"0.32": {
							"vector": [0, 0, 0]
						},
						"0.64": {
							"vector": [50, 0, 0]
						},
						"0.84": {
							"vector": [-40, 0, 0]
						},
						"1.16": {
							"vector": [0, 0, 0],
							"easing": "easeInElastic",
							"easingArgs": [3]
						}
					}
				},
				"Top_pincher": {
					"rotation": {
						"0.0": {
							"vector": [0, 0, 0]
						},
						"0.28": {
							"vector": [-3, 0, 0]
						},
						"0.44": {
							"vector": [-1, 0, 0]
						},
						"0.72": {
							"vector": [-15, 0, 0],
							"easing": "easeInElastic"
						},
						"0.88": {
							"vector": [0, 0, 0]
						}
					},
					"position": {
						"0.0": {
							"vector": [0, 0, 0]
						},
						"0.28": {
							"vector": [0, 0, 0]
						},
						"0.44": {
							"vector": [0, 0, 0]
						}
					}
				},
				"right_front_leg": {
					"rotation": {
						"0.0": {
							"vector": [0, 0, 0]
						},
						"0.28": {
							"vector": [-37.60359, -34.3647, 38.64789],
							"easing": "easeOutBack"
						},
						"0.44": {
							"vector": [-4.89525, -48.9714, -8.636],
							"easing": "easeInBack"
						},
						"0.76": {
							"vector": [-4.89525, -48.9714, -8.636],
							"easing": "easeInBack"
						},
						"0.88": {
							"vector": [5.3868, -28.51619, 11.5857],
							"easing": "linear"
						},
						"1.16": {
							"vector": [0, 0, 0],
							"easing": "easeOutBack"
						}
					},
					"position": {
						"0.0": {
							"vector": [0, 0, 0]
						},
						"0.32": {
							"vector": [0, 0, 0]
						},
						"0.52": {
							"vector": [2, 0.9375, 0]
						},
						"0.76": {
							"vector": [2, 1.5025, 0]
						},
						"0.88": {
							"vector": [0, 0, 0]
						}
					}
				}
			}
		},
		"animation.hercules_beetle.attack_animation_grab": {
			"loop": "hold_on_last_frame",
			"animation_length": 0.64,
			"anim_time_update": "0",
			"blend_weight": "1",
			"bones": {
				"Main_body": {
					"rotation": {
						"0.0": {
							"vector": [0, 0, 0]
						},
						"0.2": {
							"vector": [0, 0, 10]
						},
						"0.44": {
							"vector": [4.5, 0, 0]
						},
						"0.64": {
							"vector": [-14, 0, 0]
						}
					},
					"position": {
						"0.0": {
							"vector": [0, 0, 0]
						},
						"0.2": {
							"vector": [0, 0, 0.8125]
						},
						"0.44": {
							"vector": [0, 0, -3.2525]
						}
					}
				},
				"Top_pincher": {
					"rotation": {
						"0.0": {
							"vector": [0, 0, 0]
						},
						"0.2": {
							"vector": [5, 0, 0]
						},
						"0.44": {
							"vector": [-22.5, 0, 0]
						},
						"0.64": {
							"vector": [2.5, 0, 0]
						}
					}
				},
				"left_wing": {
					"scale": {
						"vector": [0, 0, 0]
					}
				},
				"right_wing": {
					"scale": {
						"vector": [0, 0, 0]
					}
				}
			}
		},
		"animation.hercules_beetle.attack_animation_munch": {
			"loop": true,
			"animation_length": 1.8,
			"anim_time_update": "0",
			"blend_weight": "1",
			"bones": {
				"Main_body": {
					"rotation": {
						"vector": ["math.sin(query.anim_time * 400) * -1 -14", 0, 0]
					},
					"position": {
						"vector": [0, 0, -3.2525]
					}
				},
				"Top_pincher": {
					"rotation": {
						"vector": ["math.sin(query.anim_time * 400) * 5 +2.5", "math.sin(query.anim_time * 200) * 1 ", 0]
					}
				},
				"left_wing": {
					"scale": {
						"vector": [0, 0, 0]
					}
				},
				"right_wing": {
					"scale": {
						"vector": [0, 0, 0]
					}
				}
			}
		},
		"animation.hercules_beetle.sleep": {
			"loop": true,
			"animation_length": 3.6,
			"anim_time_update": "0",
			"blend_weight": "1",
			"bones": {
				"Main_body": {
					"rotation": {
						"vector": [3, 0, 0]
					},
					"position": {
						"vector": [0, "math.sin(query.anim_time * 100) * 0.2 -1.9375", 0]
					}
				},
				"Head": {
					"rotation": {
						"vector": [-2, 0, 0]
					}
				},
				"left_anthenna": {
					"rotation": {
						"vector": [0, 52.5, 0]
					}
				},
				"right_anthenna": {
					"rotation": {
						"vector": [0, -52.5, 0]
					}
				},
				"Top_pincher": {
					"rotation": {
						"vector": [3.5, 0, 0]
					}
				},
				"left_wing": {
					"scale": {
						"vector": [0, 0, 0]
					}
				},
				"right_wing": {
					"scale": {
						"vector": [0, 0, 0]
					}
				},
				"left_front_leg": {
					"rotation": {
						"vector": [-46.09516, 27.58566, 16.15846]
					}
				},
				"left_front_leg_Segment": {
					"rotation": {
						"vector": [-6.78038, 27.066, 41.05486]
					}
				},
				"left_center_leg": {
					"rotation": {
						"vector": [-50.81538, -6.04896, 19.13473]
					}
				},
				"left_center_Segment": {
					"rotation": {
						"vector": [-37.81321, 6.60713, -7.71242]
					}
				},
				"left_back_leg": {
					"rotation": {
						"vector": [62.65836, -48.75498, 37.64064]
					}
				},
				"left_back_leg_Segment": {
					"rotation": {
						"vector": [8.99008, -11.53486, -4.8493]
					}
				},
				"right_front_leg": {
					"rotation": {
						"vector": [-36.77111, -48.90367, -22.0394]
					}
				},
				"right_front_leg_Segment": {
					"rotation": {
						"vector": [-27.12752, -5.34402, 2.73187]
					}
				},
				"right_center_leg": {
					"rotation": {
						"vector": [-43.54225, -15.26068, -18.76056]
					}
				},
				"right_center_Segment": {
					"rotation": {
						"vector": [-25.08773, -26.82473, -18.56232]
					}
				},
				"right_back_leg": {
					"rotation": {
						"vector": [73.29822, 32.44475, -25.24748]
					}
				},
				"right_back_leg_Segment": {
					"rotation": {
						"vector": [8.99008, 11.53486, 4.8493]
					}
				}
			}
		},
		"animation.hercules_beetle.awaken": {
			"animation_length": 7.28,
			"anim_time_update": "0",
			"blend_weight": "1",
			"bones": {
				"Main_body": {
					"rotation": {
						"0.0": {
							"vector": [3, 0, 0]
						},
						"1.08": {
							"vector": [-2.55798, 0.56688, 12.48734]
						},
						"1.28": {
							"vector": [-10, 0, 0]
						},
						"1.4": {
							"vector": [-1.99282, -0.2623, -4.49544]
						},
						"1.56": {
							"vector": [8.65, 0, 7]
						},
						"1.88": {
							"vector": [6.86, 0, -13.61]
						},
						"2.16": {
							"vector": [7, 0, 0]
						},
						"2.44": {
							"vector": [3, 0, 0]
						},
						"2.68": {
							"vector": [5, 0, 0]
						},
						"5.36": {
							"vector": [-25, 0, 0]
						},
						"6.36": {
							"vector": [-22, 0, 0]
						},
						"7.28": {
							"vector": [0, 0, 0]
						}
					},
					"position": {
						"0.0": {
							"vector": [0, -1.9375, 0]
						},
						"1.28": {
							"vector": [0, 0, 0]
						},
						"1.88": {
							"vector": [0, 0, 0]
						},
						"2.16": {
							"vector": [0, 1.25, 0]
						},
						"2.44": {
							"vector": [0, 1.25, 0]
						},
						"2.68": {
							"vector": [0, 1.25, 0]
						},
						"5.36": {
							"vector": [0, 1.25, -1.1875]
						},
						"6.36": {
							"vector": [0, 1.25, -1.1875]
						},
						"7.28": {
							"vector": [0, 0, 0]
						}
					}
				},
				"Head": {
					"rotation": {
						"0.0": {
							"vector": [-2, 0, 0]
						},
						"0.76": {
							"vector": [18, 0, 0]
						},
						"1.56": {
							"vector": [-1.25, 0, 0]
						},
						"2.16": {
							"vector": [0.5, 0, 0]
						},
						"2.68": {
							"vector": [0.5, 0, 0]
						},
						"3.84": {
							"vector": [20.5, 0, 0]
						},
						"4.64": {
							"vector": [28.23, 0, 0]
						},
						"5.8": {
							"vector": [0.83, 0, 0]
						},
						"6.36": {
							"vector": [13.02, 0, 0]
						},
						"6.8": {
							"vector": [14.29, 0, 0]
						},
						"7.28": {
							"vector": [0, 0, 0]
						}
					}
				},
				"left_anthenna": {
					"rotation": {
						"0.0": {
							"vector": [0, 52.5, 0]
						},
						"0.08": {
							"vector": [0, 14.37, 11.25]
						},
						"0.32": {
							"vector": [0, 0, 45]
						},
						"0.44": {
							"vector": [0, 0, -2.5]
						},
						"0.68": {
							"vector": [0, 0, -12.5]
						},
						"0.76": {
							"vector": [0, 0, 5]
						},
						"0.96": {
							"vector": [0, -20, 5]
						},
						"1.16": {
							"vector": [0, 7.5, 5]
						},
						"1.68": {
							"vector": [0, 0, 0]
						}
					}
				},
				"right_anthenna": {
					"rotation": {
						"0.0": {
							"vector": [0, -52.5, 0]
						},
						"0.08": {
							"vector": [0, -14.37, -11.25]
						},
						"0.32": {
							"vector": [0, 0, -45]
						},
						"0.44": {
							"vector": [0, 0, 2.5]
						},
						"0.68": {
							"vector": [0, 0, 12.5]
						},
						"0.76": {
							"vector": [0, 0, -5]
						},
						"0.96": {
							"vector": [0, 20, -5]
						},
						"1.16": {
							"vector": [0, -7.5, -5]
						},
						"1.68": {
							"vector": [0, 0, 0]
						}
					}
				},
				"Top_pincher": {
					"rotation": {
						"vector": [3.5, 0, 0]
					}
				},
				"left_wing": {
					"rotation": {
						"1.92": {
							"vector": [0, 0, 0]
						},
						"2.16": {
							"vector": [0.15919, 1.5307, -0.66442]
						},
						"2.48": {
							"vector": [0.16, 1.53, -0.66]
						},
						"2.96": {
							"vector": [19.97986, 1.63717, -0.10501]
						},
						"3.04": {
							"vector": ["87.2948+math.sin(query.anim_time * 10000) * -150", 51.06306, "55.2335+math.sin(query.anim_time * 10000) * -150"]
						},
						"6.76": {
							"vector": ["87.2948+math.sin(query.anim_time * 3000) * -50", 51.0631, "55.2335+math.sin(query.anim_time * 3000) * -50"]
						},
						"6.84": {
							"vector": [63.0145, 56.1146, 40.6376]
						},
						"7.08": {
							"vector": [2.48, -2.24, -1.62]
						},
						"7.28": {
							"vector": [0, 0, 0]
						}
					},
					"position": {
						"2.48": {
							"vector": [0, 0, 0]
						},
						"3.04": {
							"vector": [0, -3.12364, 15.20452]
						},
						"6.84": {
							"vector": [0, -3.12364, 15.20452]
						},
						"7.28": {
							"vector": [0, 0, 0]
						}
					},
					"scale": {
						"0.0": {
							"vector": [0, 0, 0]
						},
						"0.28": {
							"vector": [1, 1, 0.8]
						},
						"0.84": {
							"vector": [1, 1, 0.8]
						},
						"0.88": {
							"vector": [0, 0, 0]
						},
						"1.92": {
							"vector": [0, 0, 0]
						},
						"2.16": {
							"vector": [1, 1, 0.8]
						},
						"2.48": {
							"vector": [1, 1, 0.739]
						},
						"2.96": {
							"vector": [1, 1, 0.739]
						},
						"3.04": {
							"vector": [1, 1, 1]
						},
						"6.84": {
							"vector": [1, 1, 1]
						},
						"7.28": {
							"vector": [1, 1, "0,7"]
						}
					}
				},
				"right_wing": {
					"rotation": {
						"1.92": {
							"vector": [0, 0, 0]
						},
						"2.16": {
							"vector": [0.15919, -1.5307, 0.66442]
						},
						"2.48": {
							"vector": [0.16, -1.53, 0.66]
						},
						"2.96": {
							"vector": [19.97986, -1.63717, 0.10501]
						},
						"3.04": {
							"vector": ["87.2948+math.sin(query.anim_time * 10000) * -150", -51.06306, "-55.2335+math.sin(query.anim_time * 10000) * 150"]
						},
						"6.76": {
							"vector": ["87.2948+math.sin(query.anim_time * 3000) * -50", -51.0631, "-55.2335+math.sin(query.anim_time * 3000) * 50"]
						},
						"6.84": {
							"vector": [63.0145, -56.1146, -40.6376]
						},
						"7.08": {
							"vector": [2.48, 2.24, 1.62]
						},
						"7.28": {
							"vector": [0, 0, 0]
						}
					},
					"position": {
						"2.48": {
							"vector": [0, 0, 0]
						},
						"3.04": {
							"vector": [0, -3.12364, 15.20452]
						},
						"6.84": {
							"vector": [0, -3.12364, 15.20452]
						},
						"7.28": {
							"vector": [0, 0, 0]
						}
					},
					"scale": {
						"0.0": {
							"vector": [0, 0, 0]
						},
						"0.28": {
							"vector": [1, 1, 0.8]
						},
						"0.84": {
							"vector": [1, 1, 0.8]
						},
						"0.88": {
							"vector": [0, 0, 0]
						},
						"1.92": {
							"vector": [0, 0, 0]
						},
						"2.16": {
							"vector": [1, 1, 0.8]
						},
						"2.48": {
							"vector": [1, 1, 0.739]
						},
						"2.96": {
							"vector": [1, 1, 0.739]
						},
						"3.04": {
							"vector": [1, 1, 1]
						},
						"6.84": {
							"vector": [1, 1, 1]
						},
						"7.28": {
							"vector": [1, 1, "0,7"]
						}
					}
				},
				"left_front_leg": {
					"rotation": {
						"0.0": {
							"vector": [-46.09516, 27.58566, 16.15846]
						},
						"0.52": {
							"vector": [10.55005, 7.507, -25.31078]
						},
						"0.96": {
							"vector": [0, 0, 0]
						}
					}
				},
				"left_front_leg_Segment": {
					"rotation": {
						"0.0": {
							"vector": [-6.78038, 27.066, 41.05486]
						},
						"0.28": {
							"vector": [-3.44448, 27.46566, 18.0374]
						},
						"0.52": {
							"vector": [0, 0, 32.5]
						},
						"0.96": {
							"vector": [0, 0, 0]
						}
					}
				},
				"left_center_leg": {
					"rotation": {
						"0.0": {
							"vector": [-50.81538, -6.04896, 19.13473]
						},
						"0.52": {
							"vector": [4.08359, -8.5296, -8.33284]
						},
						"0.96": {
							"vector": [33.01719, -9.96621, -5.23706]
						},
						"1.36": {
							"vector": [33.01719, -9.96621, -5.23706]
						},
						"2.08": {
							"vector": [0, 0, 0]
						}
					}
				},
				"left_center_Segment": {
					"rotation": {
						"0.0": {
							"vector": [-37.81321, 6.60713, -7.71242]
						},
						"0.52": {
							"vector": [0, 0, 0]
						},
						"0.96": {
							"vector": [-30.02471, 21.01854, 6.44041]
						},
						"1.36": {
							"vector": [-30.02471, 21.01854, 6.44041]
						},
						"2.08": {
							"vector": [0, 0, 0]
						}
					}
				},
				"left_back_leg": {
					"rotation": {
						"0.0": {
							"vector": [62.65836, -48.75498, 37.64064]
						},
						"0.96": {
							"vector": [0, 0, 0]
						}
					}
				},
				"left_back_leg_Segment": {
					"rotation": {
						"0.0": {
							"vector": [8.99008, -11.53486, -4.8493]
						},
						"0.52": {
							"vector": [28.41015, -2.89515, 9.76775]
						},
						"0.96": {
							"vector": [0, 0, 0]
						}
					},
					"position": {
						"0.0": {
							"vector": [0, 0, 0]
						},
						"0.52": {
							"vector": [0, 4.375, 0]
						},
						"0.96": {
							"vector": [0, 0, 0]
						}
					}
				},
				"right_front_leg": {
					"rotation": {
						"0.0": {
							"vector": [-36.77111, -48.90367, -22.0394]
						},
						"0.32": {
							"vector": [10.55005, -7.507, 25.31078]
						},
						"0.76": {
							"vector": [0, 0, 0]
						},
						"1.08": {
							"vector": [0, 2.5, 9]
						},
						"1.28": {
							"vector": [0, 0, 0]
						}
					}
				},
				"right_front_leg_Segment": {
					"rotation": {
						"0.0": {
							"vector": [-27.12752, -5.34402, 2.73187]
						},
						"0.2": {
							"vector": [-3.44448, -27.46566, -18.0374]
						},
						"0.52": {
							"vector": [0, 0, 0]
						}
					}
				},
				"right_center_leg": {
					"rotation": {
						"0.0": {
							"vector": [-43.54225, -15.26068, -18.76056]
						},
						"0.52": {
							"vector": [4.08359, 8.5296, 8.33284]
						},
						"0.96": {
							"vector": [34.99971, 27.8797, 6.13023]
						},
						"1.4": {
							"vector": [45.2673, 10.88452, 28.36498]
						},
						"1.76": {
							"vector": [0, 0, 0]
						}
					}
				},
				"right_center_Segment": {
					"rotation": {
						"0.0": {
							"vector": [-25.08773, -26.82473, -18.56232]
						},
						"0.96": {
							"vector": [-30.02471, -21.01854, -6.44041]
						},
						"1.4": {
							"vector": [-48.02, -21.02, -6.44]
						},
						"1.76": {
							"vector": [0, 0, 0]
						}
					}
				},
				"right_back_leg": {
					"rotation": {
						"0.0": {
							"vector": [62.65836, 48.75498, -37.64064]
						},
						"0.96": {
							"vector": [0, 0, 0]
						}
					}
				},
				"right_back_leg_Segment": {
					"rotation": {
						"0.0": {
							"vector": [8.99008, 11.53486, 4.8493]
						},
						"0.52": {
							"vector": [28.41015, 2.89515, -9.76775]
						},
						"0.96": {
							"vector": [0, 0, 0]
						}
					},
					"position": {
						"0.0": {
							"vector": [0, 0, 0]
						},
						"0.52": {
							"vector": [0, 4.375, 0]
						},
						"0.96": {
							"vector": [0, 0, 0]
						}
					}
				},
				"root": {
					"position": {
						"vector": [0, 0, 0]
					}
				},
				"right_husk": {
					"rotation": {
						"0.0": {
							"vector": [0, 0, 0]
						},
						"0.2": {
							"vector": [0, -15, 0]
						},
						"0.32": {
							"vector": [0, 0, 0]
						},
						"0.44": {
							"vector": [0, -10, 0]
						},
						"0.84": {
							"vector": [7.52832, -4.95712, -0.65426]
						},
						"0.88": {
							"vector": [7.50706, 2.4786, 0.32652]
						},
						"1.92": {
							"vector": [7.50706, 2.4786, 0.32652]
						},
						"2.16": {
							"vector": [13.42774, -7.56618, 0.41654]
						},
						"2.52": {
							"vector": [15.42005, -11.73163, 14.3894]
						},
						"3.84": {
							"vector": [55.40334, -14.50568, -27.25083]
						},
						"7.24": {
							"vector": [0, 0, 0]
						}
					},
					"position": {
						"2.16": {
							"vector": [0, 0, 0]
						},
						"3.84": {
							"vector": [0, 0.875, 2.25]
						},
						"7.24": {
							"vector": [0, 0, 0]
						}
					}
				},
				"left_husk": {
					"rotation": {
						"0.0": {
							"vector": [0, 0, 0]
						},
						"0.2": {
							"vector": [0, 15, 0]
						},
						"0.32": {
							"vector": [0, 0, 0]
						},
						"0.44": {
							"vector": [0, 10, 0]
						},
						"0.84": {
							"vector": [7.52832, 4.95712, 0.65426]
						},
						"0.88": {
							"vector": [7.50706, -2.4786, -0.32652]
						},
						"1.92": {
							"vector": [7.04041, 1.46494, -0.80291]
						},
						"2.16": {
							"vector": [13.42774, 7.56618, -0.41654]
						},
						"2.52": {
							"vector": [17.42005, 11.73163, -14.3894]
						},
						"3.84": {
							"vector": [55.40334, 14.50568, 27.25083]
						},
						"7.24": {
							"vector": [0, 0, 0]
						}
					},
					"position": {
						"2.16": {
							"vector": [0, 0, 0]
						},
						"3.84": {
							"vector": [0, 0.875, 2.25]
						},
						"7.24": {
							"vector": [0, 0, 0]
						}
					}
				}
			}
		}
	},
	"geckolib_format_version": 2
}