{
  "format_version": "1.8.0",
  "animations": {
    "animation.robo_sniper.walking_animation": {
      "loop": true,
      "animation_length": 2.08,
      "anim_time_update": "0",
      "blend_weight": "1",
      "bones": {
        "robo_gunner": {
          "rotation": {
            "0.0": {
              "vector": [
                6,
                0,
                0
              ]
            },
            "0.04": {
              "vector": [
                5.96,
                0,
                0
              ]
            },
            "0.08": {
              "vector": [
                5.91,
                0,
                0
              ]
            },
            "0.12": {
              "vector": [
                5.85,
                0,
                0
              ]
            },
            "0.16": {
              "vector": [
                5.78,
                0,
                0
              ]
            },
            "0.2": {
              "vector": [
                5.69,
                0,
                0
              ]
            },
            "0.24": {
              "vector": [
                5.58,
                0,
                0
              ]
            },
            "0.28": {
              "vector": [
                5.44,
                0,
                0
              ]
            },
            "0.32": {
              "vector": [
                5.25,
                0,
                0
              ]
            },
            "0.36": {
              "vector": [
                4.99,
                0,
                0
              ]
            },
            "0.4": {
              "vector": [
                4.61,
                0,
                0
              ]
            },
            "0.44": {
              "vector": [
                3.99,
                0,
                0
              ]
            },
            "0.48": {
              "vector": [
                2.4,
                0,
                0
              ]
            },
            "0.52": {
              "vector": [
                0,
                0,
                0
              ],
              "easing": "linear"
            },
            "0.56": {
              "vector": [
                -0.04,
                0,
                0
              ]
            },
            "0.6": {
              "vector": [
                -0.09,
                0,
                0
              ]
            },
            "0.64": {
              "vector": [
                -0.15,
                0,
                0
              ]
            },
            "0.68": {
              "vector": [
                -0.22,
                0,
                0
              ]
            },
            "0.72": {
              "vector": [
                -0.31,
                0,
                0
              ]
            },
            "0.76": {
              "vector": [
                -0.42,
                0,
                0
              ]
            },
            "0.8": {
              "vector": [
                -0.56,
                0,
                0
              ]
            },
            "0.84": {
              "vector": [
                -0.75,
                0,
                0
              ]
            },
            "0.88": {
              "vector": [
                -1.01,
                0,
                0
              ]
            },
            "0.92": {
              "vector": [
                -1.39,
                0,
                0
              ]
            },
            "0.96": {
              "vector": [
                -2.01,
                0,
                0
              ]
            },
            "1.0": {
              "vector": [
                -3.18,
                0,
                0
              ]
            },
            "1.04": {
              "vector": [
                -6,
                0,
                0
              ],
              "easing": "linear"
            },
            "1.08": {
              "vector": [
                -5.96,
                0,
                0
              ]
            },
            "1.12": {
              "vector": [
                -5.91,
                0,
                0
              ]
            },
            "1.16": {
              "vector": [
                -5.85,
                0,
                0
              ]
            },
            "1.2": {
              "vector": [
                -5.78,
                0,
                0
              ]
            },
            "1.24": {
              "vector": [
                -5.69,
                0,
                0
              ]
            },
            "1.28": {
              "vector": [
                -5.58,
                0,
                0
              ]
            },
            "1.32": {
              "vector": [
                -5.44,
                0,
                0
              ]
            },
            "1.36": {
              "vector": [
                -5.25,
                0,
                0
              ]
            },
            "1.4": {
              "vector": [
                -4.99,
                0,
                0
              ]
            },
            "1.44": {
              "vector": [
                -4.61,
                0,
                0
              ]
            },
            "1.48": {
              "vector": [
                -3.99,
                0,
                0
              ]
            },
            "1.52": {
              "vector": [
                -2.82,
                0,
                0
              ]
            },
            "1.56": {
              "vector": [
                0,
                0,
                0
              ],
              "easing": "linear"
            },
            "1.6": {
              "vector": [
                0.09,
                0,
                0
              ]
            },
            "1.64": {
              "vector": [
                0.2,
                0,
                0
              ]
            },
            "1.68": {
              "vector": [
                0.35,
                0,
                0
              ]
            },
            "1.72": {
              "vector": [
                0.54,
                0,
                0
              ]
            },
            "1.76": {
              "vector": [
                0.81,
                0,
                0
              ]
            },
            "1.8": {
              "vector": [
                1.21,
                0,
                0
              ]
            },
            "1.84": {
              "vector": [
                1.85,
                0,
                0
              ]
            },
            "1.88": {
              "vector": [
                3.07,
                0,
                0
              ]
            },
            "1.92": {
              "vector": [
                6,
                0,
                0
              ],
              "easing": "linear"
            },
            "1.96": {
              "vector": [
                6.59,
                0,
                0
              ]
            },
            "2.0": {
              "vector": [
                8,
                0,
                0
              ],
              "easing": "linear"
            },
            "2.04": {
              "vector": [
                7.41,
                0,
                0
              ]
            },
            "2.08": {
              "vector": [
                6,
                0,
                0
              ],
              "easing": "linear"
            }
          },
          "position": {
            "0.0": {
              "vector": [
                0,
                0,
                3.25
              ]
            },
            "0.04": {
              "vector": [
                0,
                0,
                3
              ]
            },
            "0.08": {
              "vector": [
                0,
                0,
                2.75
              ]
            },
            "0.12": {
              "vector": [
                0,
                0,
                2.5
              ]
            },
            "0.16": {
              "vector": [
                0,
                0,
                2.25
              ]
            },
            "0.2": {
              "vector": [
                0,
                0,
                2
              ]
            },
            "0.24": {
              "vector": [
                0,
                0,
                1.75
              ]
            },
            "0.28": {
              "vector": [
                0,
                0,
                1.5
              ]
            },
            "0.32": {
              "vector": [
                0,
                0,
                1.25
              ]
            },
            "0.36": {
              "vector": [
                0,
                0,
                1
              ]
            },
            "0.4": {
              "vector": [
                0,
                0,
                0.75
              ]
            },
            "0.44": {
              "vector": [
                0,
                0,
                0.5
              ]
            },
            "0.48": {
              "vector": [
                0,
                0,
                0.25
              ]
            },
            "0.52": {
              "vector": [
                0,
                0,
                0
              ]
            },
            "0.56": {
              "vector": [
                0,
                0,
                -0.23
              ]
            },
            "0.6": {
              "vector": [
                0,
                0,
                -0.46
              ]
            },
            "0.64": {
              "vector": [
                0,
                0,
                -0.69
              ]
            },
            "0.68": {
              "vector": [
                0,
                0,
                -0.92
              ]
            },
            "0.72": {
              "vector": [
                0,
                0,
                -1.15
              ]
            },
            "0.76": {
              "vector": [
                0,
                0,
                -1.38
              ]
            },
            "0.8": {
              "vector": [
                0,
                0,
                -1.61
              ]
            },
            "0.84": {
              "vector": [
                0,
                0,
                -1.84
              ]
            },
            "0.88": {
              "vector": [
                0,
                0,
                -2.07
              ]
            },
            "0.92": {
              "vector": [
                0,
                0,
                -2.3
              ]
            },
            "0.96": {
              "vector": [
                0,
                0,
                -2.53
              ]
            },
            "1.0": {
              "vector": [
                0,
                0,
                -2.76
              ]
            },
            "1.04": {
              "vector": [
                0,
                0,
                -3
              ]
            },
            "1.08": {
              "vector": [
                0,
                0,
                -2.77
              ]
            },
            "1.12": {
              "vector": [
                0,
                0,
                -2.54
              ]
            },
            "1.16": {
              "vector": [
                0,
                0,
                -2.31
              ]
            },
            "1.2": {
              "vector": [
                0,
                0,
                -2.08
              ]
            },
            "1.24": {
              "vector": [
                0,
                0,
                -1.85
              ]
            },
            "1.28": {
              "vector": [
                0,
                0,
                -1.62
              ]
            },
            "1.32": {
              "vector": [
                0,
                0,
                -1.39
              ]
            },
            "1.36": {
              "vector": [
                0,
                0,
                -1.16
              ]
            },
            "1.4": {
              "vector": [
                0,
                0,
                -0.93
              ]
            },
            "1.44": {
              "vector": [
                0,
                0,
                -0.7
              ]
            },
            "1.48": {
              "vector": [
                0,
                0,
                -0.47
              ]
            },
            "1.52": {
              "vector": [
                0,
                0,
                -0.23
              ]
            },
            "1.56": {
              "vector": [
                0,
                0,
                0
              ]
            },
            "1.6": {
              "vector": [
                0,
                0,
                0.36
              ]
            },
            "1.64": {
              "vector": [
                0,
                0,
                0.72
              ]
            },
            "1.68": {
              "vector": [
                0,
                0,
                1.08
              ]
            },
            "1.72": {
              "vector": [
                0,
                0,
                1.44
              ]
            },
            "1.76": {
              "vector": [
                0,
                0,
                1.8
              ]
            },
            "1.8": {
              "vector": [
                0,
                0,
                2.16
              ]
            },
            "1.84": {
              "vector": [
                0,
                0,
                2.52
              ]
            },
            "1.88": {
              "vector": [
                0,
                0,
                2.88
              ]
            },
            "1.92": {
              "vector": [
                0,
                0,
                3.25
              ]
            },
            "1.96": {
              "vector": [
                0,
                0,
                3.41
              ]
            },
            "2.0": {
              "vector": [
                0,
                0,
                3.5625
              ]
            },
            "2.04": {
              "vector": [
                0,
                0,
                3.41
              ]
            },
            "2.08": {
              "vector": [
                0,
                0,
                3.25
              ]
            }
          }
        },
        "wheel_1": {
          "rotation": {
            "0.0": {
              "vector": [
                0,
                0,
                0
              ]
            },
            "2.08": {
              "vector": [
                1351,
                0,
                0
              ]
            }
          },
          "position": {
            "0.0": {
              "vector": [
                0,
                0,
                0
              ]
            },
            "2.08": {
              "vector": [
                0,
                0,
                0
              ]
            }
          }
        },
        "wheel_2": {
          "rotation": {
            "0.0": {
              "vector": [
                0,
                0,
                0
              ]
            },
            "2.08": {
              "vector": [
                1351,
                0,
                0
              ]
            }
          },
          "position": {
            "0.0": {
              "vector": [
                0,
                0,
                0
              ]
            },
            "2.08": {
              "vector": [
                0,
                0,
                0
              ]
            }
          }
        },
        "cannon": {
          "rotation": {
            "0.0": {
              "vector": [
                5,
                0,
                0
              ]
            },
            "0.52": {
              "vector": [
                0,
                0,
                0
              ]
            },
            "1.04": {
              "vector": [
                -5,
                0,
                0
              ]
            },
            "1.56": {
              "vector": [
                0,
                0,
                0
              ]
            },
            "2.08": {
              "vector": [
                5,
                0,
                0
              ]
            }
          },
          "position": {
            "0.0": {
              "vector": [
                0,
                0,
                -0.0625
              ]
            },
            "0.52": {
              "vector": [
                0,
                0,
                0
              ]
            },
            "1.04": {
              "vector": [
                0,
                0,
                0.0625
              ]
            },
            "1.56": {
              "vector": [
                0,
                0,
                0
              ]
            },
            "2.08": {
              "vector": [
                0,
                0,
                -0.0625
              ]
            }
          }
        },
        "firing_effect": {
          "rotation": {
            "0.0": {
              "vector": [
                0,
                0,
                0
              ]
            },
            "2.08": {
              "vector": [
                0,
                0,
                0
              ]
            }
          },
          "position": {
            "0.0": {
              "vector": [
                0,
                0,
                0
              ]
            },
            "2.08": {
              "vector": [
                0,
                0,
                0
              ]
            }
          },
          "scale": {
            "0.0": {
              "vector": [
                0,
                0,
                0
              ]
            },
            "2.08": {
              "vector": [
                0,
                0,
                0
              ]
            }
          }
        }
      }
    },
    "animation.robo_sniper.accelerate_animation": {
      "loop": true,
      "animation_length": 2.08,
      "anim_time_update": "0",
      "blend_weight": "1",
      "bones": {
        "robo_gunner": {
          "rotation": {
            "0.0": {
              "vector": [
                15,
                0,
                0
              ]
            },
            "1.04": {
              "vector": [
                17,
                0,
                0
              ]
            },
            "2.08": {
              "vector": [
                15,
                0,
                0
              ]
            }
          },
          "position": {
            "0.0": {
              "vector": [
                0,
                0,
                -1.25
              ]
            },
            "0.52": {
              "vector": [
                0,
                0,
                -3
              ]
            },
            "1.04": {
              "vector": [
                0,
                0,
                0.33
              ]
            },
            "1.56": {
              "vector": [
                0,
                0,
                1.04
              ]
            },
            "2.08": {
              "vector": [
                0,
                0,
                -1.25
              ]
            }
          }
        },
        "wheel_1": {
          "rotation": {
            "0.0": {
              "vector": [
                0,
                0,
                0
              ]
            },
            "2.08": {
              "vector": [
                5351,
                0,
                0
              ]
            }
          },
          "position": {
            "0.0": {
              "vector": [
                0,
                0,
                0
              ]
            },
            "2.08": {
              "vector": [
                0,
                0,
                0
              ]
            }
          }
        },
        "wheel_2": {
          "rotation": {
            "0.0": {
              "vector": [
                0,
                0,
                0
              ]
            },
            "2.08": {
              "vector": [
                5351,
                0,
                0
              ]
            }
          },
          "position": {
            "0.0": {
              "vector": [
                0,
                0,
                0
              ]
            },
            "2.08": {
              "vector": [
                0,
                0,
                0
              ]
            }
          }
        },
        "cannon": {
          "rotation": {
            "0.0": {
              "vector": [
                16,
                0,
                0
              ]
            },
            "1.04": {
              "vector": [
                10,
                0,
                0
              ]
            },
            "2.08": {
              "vector": [
                16,
                0,
                0
              ]
            }
          },
          "position": {
            "0.0": {
              "vector": [
                0,
                0,
                -3.5
              ]
            },
            "1.04": {
              "vector": [
                0,
                0,
                -3.5
              ]
            },
            "2.08": {
              "vector": [
                0,
                0,
                -3.5
              ]
            }
          }
        },
        "firing_effect": {
          "rotation": {
            "0.0": {
              "vector": [
                0,
                0,
                0
              ]
            },
            "2.08": {
              "vector": [
                0,
                0,
                0
              ]
            }
          },
          "position": {
            "0.0": {
              "vector": [
                0,
                0,
                0
              ]
            },
            "2.08": {
              "vector": [
                0,
                0,
                0
              ]
            }
          },
          "scale": {
            "0.0": {
              "vector": [
                0,
                0,
                0
              ]
            },
            "2.08": {
              "vector": [
                0,
                0,
                0
              ]
            }
          }
        }
      }
    },
    "animation.robo_sniper.attacking_animation": {
      "loop": true,
      "animation_length": 1.2,
      "anim_time_update": "0",
      "blend_weight": "1",
      "bones": {
        "robo_gunner": {
          "rotation": {
            "0.0": {
              "vector": [
                0,
                0,
                0
              ]
            },
            "0.04": {
              "vector": [
                0.07,
                0,
                0
              ]
            },
            "0.08": {
              "vector": [
                0.15,
                0,
                0
              ]
            },
            "0.12": {
              "vector": [
                0.25,
                0,
                0
              ]
            },
            "0.16": {
              "vector": [
                0.37,
                0,
                0
              ]
            },
            "0.2": {
              "vector": [
                0.51,
                0,
                0
              ]
            },
            "0.24": {
              "vector": [
                0.69,
                0,
                0
              ]
            },
            "0.28": {
              "vector": [
                0.92,
                0,
                0
              ]
            },
            "0.32": {
              "vector": [
                1.23,
                0,
                0
              ]
            },
            "0.36": {
              "vector": [
                1.66,
                0,
                0
              ]
            },
            "0.4": {
              "vector": [
                2.28,
                0,
                0
              ]
            },
            "0.44": {
              "vector": [
                3.19,
                0,
                0
              ]
            },
            "0.48": {
              "vector": [
                4.17,
                0,
                0
              ]
            },
            "0.52": {
              "vector": [
                -8,
                0,
                0
              ],
              "easing": "linear"
            },
            "0.56": {
              "vector": [
                -8.03,
                0,
                0
              ]
            },
            "0.6": {
              "vector": [
                -8.07,
                0,
                0
              ]
            },
            "0.64": {
              "vector": [
                -8.11,
                0,
                0
              ]
            },
            "0.68": {
              "vector": [
                -8.16,
                0,
                0
              ]
            },
            "0.72": {
              "vector": [
                -8.22,
                0,
                0
              ]
            },
            "0.76": {
              "vector": [
                -8.29,
                0,
                0
              ]
            },
            "0.8": {
              "vector": [
                -8.38,
                0,
                0
              ]
            },
            "0.84": {
              "vector": [
                -8.5,
                0,
                0
              ]
            },
            "0.88": {
              "vector": [
                -8.66,
                0,
                0
              ]
            },
            "0.92": {
              "vector": [
                -8.88,
                0,
                0
              ]
            },
            "0.96": {
              "vector": [
                -9.19,
                0,
                0
              ]
            },
            "1.0": {
              "vector": [
                -9.65,
                0,
                0
              ]
            },
            "1.04": {
              "vector": [
                -10.15,
                0,
                0
              ]
            },
            "1.2": {
              "vector": [
                0,
                0,
                0
              ]
            }
          },
          "position": {
            "0.0": {
              "vector": [
                0,
                0,
                -2
              ]
            },
            "0.04": {
              "vector": [
                0,
                0,
                -2
              ]
            },
            "0.08": {
              "vector": [
                0,
                0,
                -2
              ]
            },
            "0.12": {
              "vector": [
                0,
                0,
                -2
              ]
            },
            "0.16": {
              "vector": [
                0,
                0,
                -2
              ]
            },
            "0.2": {
              "vector": [
                0,
                0,
                -2
              ]
            },
            "0.24": {
              "vector": [
                0,
                0,
                -2
              ]
            },
            "0.28": {
              "vector": [
                0,
                0,
                -1.99
              ]
            },
            "0.32": {
              "vector": [
                0,
                0,
                -1.98
              ]
            },
            "0.36": {
              "vector": [
                0,
                0,
                -1.96
              ]
            },
            "0.4": {
              "vector": [
                0,
                0,
                -1.93
              ]
            },
            "0.44": {
              "vector": [
                0,
                0,
                -1.86
              ]
            },
            "0.48": {
              "vector": [
                0,
                0,
                -1.63
              ]
            },
            "0.52": {
              "vector": [
                0,
                0,
                0
              ],
              "easing": "easeInCubic"
            },
            "0.56": {
              "vector": [
                0,
                0,
                0
              ]
            },
            "0.6": {
              "vector": [
                0,
                0,
                0
              ]
            },
            "0.64": {
              "vector": [
                0,
                0,
                0
              ]
            },
            "0.68": {
              "vector": [
                0,
                0,
                0
              ]
            },
            "0.72": {
              "vector": [
                0,
                0,
                0
              ]
            },
            "0.76": {
              "vector": [
                0,
                0,
                0
              ]
            },
            "0.8": {
              "vector": [
                0,
                0,
                0
              ]
            },
            "0.84": {
              "vector": [
                0,
                0,
                0
              ]
            },
            "0.88": {
              "vector": [
                0,
                0,
                0
              ]
            },
            "0.92": {
              "vector": [
                0,
                0,
                0
              ]
            },
            "0.96": {
              "vector": [
                0,
                0,
                -0.01
              ]
            },
            "1.0": {
              "vector": [
                0,
                0,
                -0.02
              ]
            },
            "1.2": {
              "vector": [
                0,
                0,
                -2
              ],
              "easing": "linear"
            }
          }
        },
        "wheel_1": {
          "rotation": {
            "0.0": {
              "vector": [
                0,
                0,
                0
              ]
            },
            "0.52": {
              "vector": [
                195,
                0,
                0
              ]
            },
            "0.68": {
              "vector": [
                -190,
                0,
                0
              ],
              "easing": "linear"
            },
            "1.2": {
              "vector": [
                195,
                0,
                0
              ]
            }
          },
          "position": {
            "0.0": {
              "vector": [
                0,
                0,
                0
              ]
            },
            "0.52": {
              "vector": [
                0,
                0,
                0
              ]
            },
            "0.68": {
              "vector": [
                0,
                0,
                0
              ]
            },
            "1.2": {
              "vector": [
                0,
                0,
                0
              ]
            }
          }
        },
        "wheel_2": {
          "rotation": {
            "0.0": {
              "vector": [
                0,
                0,
                0
              ]
            },
            "0.52": {
              "vector": [
                195,
                0,
                0
              ]
            },
            "0.68": {
              "vector": [
                -190,
                0,
                0
              ],
              "easing": "linear"
            },
            "1.2": {
              "vector": [
                195,
                0,
                0
              ]
            }
          },
          "position": {
            "0.0": {
              "vector": [
                0,
                0,
                0
              ]
            },
            "0.52": {
              "vector": [
                0,
                0,
                0
              ]
            },
            "0.68": {
              "vector": [
                0,
                0,
                0
              ]
            },
            "1.2": {
              "vector": [
                0,
                0,
                0
              ]
            }
          }
        },
        "cannon": {
          "rotation": {
            "0.0": {
              "vector": [
                0,
                0,
                0
              ]
            },
            "0.4": {
              "vector": [
                4.15,
                0,
                0
              ]
            },
            "0.52": {
              "vector": [
                -5,
                0,
                0
              ]
            },
            "1.2": {
              "vector": [
                0,
                0,
                0
              ]
            }
          },
          "position": {
            "0.0": {
              "vector": [
                0,
                0,
                0
              ]
            },
            "0.52": {
              "vector": [
                0,
                0,
                0
              ]
            },
            "1.2": {
              "vector": [
                0,
                0,
                0
              ]
            }
          }
        },
        "cannon_segment": {
          "rotation": {
            "0.0": {
              "vector": [
                0,
                0,
                0
              ]
            },
            "0.52": {
              "vector": [
                0,
                0,
                0
              ]
            },
            "1.2": {
              "vector": [
                0,
                0,
                0
              ]
            }
          },
          "position": {
            "0.0": {
              "vector": [
                0,
                0,
                0
              ]
            },
            "0.52": {
              "vector": [
                0,
                0,
                -1
              ],
              "easing": "easeInBack",
              "easingArgs": [
                10
              ]
            },
            "1.2": {
              "vector": [
                0,
                0,
                0
              ]
            }
          }
        },
        "firing_effect": {
          "rotation": {
            "0.0": {
              "vector": [
                0,
                0,
                0
              ]
            },
            "0.48": {
              "vector": [
                0,
                0,
                0
              ]
            },
            "0.52": {
              "vector": [
                0,
                0,
                0
              ]
            }
          },
          "position": {
            "0.48": {
              "vector": [
                0,
                0,
                -1.25
              ]
            },
            "0.52": {
              "vector": [
                0,
                0,
                11
              ]
            },
            "0.56": {
              "vector": [
                0,
                0,
                0.5
              ]
            }
          },
          "scale": {
            "0.0": {
              "vector": [
                0,
                0,
                0
              ]
            },
            "0.44": {
              "vector": [
                0,
                0,
                0
              ]
            },
            "0.48": {
              "vector": [
                0.7,
                0.7,
                0.7
              ]
            },
            "0.52": {
              "vector": [
                1.3,
                1.5,
                4
              ]
            },
            "0.56": {
              "vector": [
                0,
                0,
                0
              ]
            }
          }
        }
      }
    },
    "animation.robo_sniper.idle_animation": {
      "loop": true,
      "animation_length": 3.12,
      "anim_time_update": "0",
      "blend_weight": "1",
      "bones": {
        "robo_gunner": {
          "rotation": {
            "0.0": {
              "vector": [
                0,
                0,
                0
              ]
            },
            "1.04": {
              "vector": [
                3,
                0,
                0
              ]
            },
            "2.08": {
              "vector": [
                -5.5,
                0,
                0
              ]
            },
            "3.12": {
              "vector": [
                0,
                0,
                0
              ]
            }
          },
          "position": {
            "0.0": {
              "vector": [
                0,
                0,
                0
              ]
            },
            "1.04": {
              "vector": [
                0,
                0,
                0
              ]
            },
            "2.08": {
              "vector": [
                0,
                0,
                0
              ]
            },
            "3.12": {
              "vector": [
                0,
                0,
                0
              ]
            }
          }
        },
        "firing_effect": {
          "scale": {
            "vector": [
              0,
              0,
              0
            ]
          }
        }
      }
    },
    "animation.robo_sniper.death": {
      "animation_length": 6,
      "bones": {
        "robo_gunner": {
          "rotation": {
            "0.0": {
              "vector": [
                0,
                "math.cos(query.anim_time * 3600 ) * 15",
                0
              ]
            },
            "0.52": {
              "vector": [
                0,
                0,
                0
              ],
              "easing": "easeInOutSine"
            }
          },
          "scale": {
            "1.04": {
              "vector": [
                1,
                1,
                1
              ]
            },
            "1.56": {
              "vector": [
                0,
                0,
                0
              ],
              "easing": "easeInOutSine"
            }
          }
        },
        "cannon_connector": {
          "rotation": {
            "0.52": {
              "vector": [
                0,
                0,
                0
              ]
            },
            "1.04": {
              "vector": [
                95,
                0,
                0
              ],
              "easing": "easeInOutSine"
            }
          }
        },
        "cannon": {
          "rotation": {
            "0.52": {
              "vector": [
                0,
                0,
                0
              ]
            },
            "1.04": {
              "vector": [
                70,
                90,
                55
              ],
              "easing": "easeInOutSine"
            }
          },
          "position": {
            "0.52": {
              "vector": [
                0,
                0,
                0
              ]
            },
            "1.04": {
              "vector": [
                0,
                0,
                -4
              ],
              "easing": "easeInOutSine"
            }
          }
        },
        "firing_effect": {
          "scale": {
            "vector": [
              0,
              0,
              0
            ]
          }
        }
      }
    }
  }
}