{
	"format_version": "1.8.0",
	"animations": {
		"animation.ruby_bug.idle_animation": {
			"loop": true,
			"animation_length": 1.8,
			"anim_time_update": "0",
			"blend_weight": "1",
			"bones": {
				"mainbody": {
					"scale": {
						"vector": ["math.sin(query.anim_time * 200) * 0.005 +1", "math.sin(query.anim_time * 200) * 0.005 +1", "math.sin(query.anim_time * 200) * 0.005 +1"]
					}
				},
				"head": {
					"rotation": {
						"vector": ["math.sin(query.anim_time * 200) * -3", "math.cos(query.anim_time * 200) * -2", 0]
					}
				},
				"right_anthena": {
					"rotation": {
						"vector": ["math.sin(query.anim_time * 200) * -10", "math.cos(query.anim_time * 400) * -4", "math.sin(query.anim_time * 400) * 10"]
					}
				},
				"left_anthena": {
					"rotation": {
						"vector": ["math.sin(query.anim_time * 200) * 10", "math.cos(query.anim_time * 400) * 4", "math.sin(query.anim_time * 400) * -10"]
					}
				}
			}
		},
		"animation.ruby_bug.walking_animation": {
			"loop": true,
			"animation_length": 1.8,
			"anim_time_update": "0",
			"blend_weight": "1",
			"bones": {
				"ruby_bug": {
					"rotation": {
						"vector": [0, 0, "math.sin(query.anim_time * 400) * -2"]
					},
					"position": {
						"vector": [0, "math.cos(query.anim_time * 800) * 0.2", 0]
					}
				},
				"mainbody": {
					"rotation": {
						"vector": [0, 0, "math.sin(query.anim_time * 400) * -5"]
					}
				},
				"right_leg1": {
					"rotation": {
						"vector": ["math.sin(query.anim_time * 400) * -45", 0, "math.sin(query.anim_time * 400) * 15"]
					},
					"position": {
						"vector": [0, "math.cos(query.anim_time * 400) * 0.2", 0]
					}
				},
				"right_leg2": {
					"rotation": {
						"vector": ["math.sin(query.anim_time * 400) * 45", 0, "math.sin(query.anim_time * 400) * 15"]
					},
					"position": {
						"vector": [0, "math.cos(query.anim_time * 400) * -0.2", 0]
					}
				},
				"right_leg3": {
					"rotation": {
						"vector": ["math.sin(query.anim_time * 400) * -45", 0, "math.sin(query.anim_time * 400) * -15"]
					},
					"position": {
						"vector": [0, "math.cos(query.anim_time * 400) * 0.2", 0]
					}
				},
				"left_leg1": {
					"rotation": {
						"vector": ["math.sin(query.anim_time * 400) * 45", 0, "math.sin(query.anim_time * 400) * 15"]
					},
					"position": {
						"vector": [0, "math.cos(query.anim_time * 400) * -0.2", 0]
					}
				},
				"left_leg2": {
					"rotation": {
						"vector": ["math.sin(query.anim_time * 400) * -45", 0, "math.sin(query.anim_time * 400) * -15"]
					},
					"position": {
						"vector": [0, "math.cos(query.anim_time * 400) * 0.2", 0]
					}
				},
				"left_leg3": {
					"rotation": {
						"vector": ["math.sin(query.anim_time * 400) * 45", 0, "math.sin(query.anim_time * 400) * 15"]
					},
					"position": {
						"vector": [0, "math.cos(query.anim_time * 400) * -0.2", 0]
					}
				},
				"head": {
					"rotation": {
						"vector": ["math.cos(query.anim_time * 400) * 3", "math.cos(query.anim_time * 400) * -1", "math.sin(query.anim_time * 400) * -5"]
					}
				}
			}
		}
	}
}