{
	"format_version": "1.8.0",
	"animations": {
		"animation.spark_fish.swim": {
			"loop": true,
			"animation_length": 1.8,
			"anim_time_update": "0",
			"blend_weight": "1",
			"bones": {
				"root": {
					"rotation": {
						"vector": [0, "math.sin(query.anim_time * 800) * 17", 0]
					}
				},
				"front_body_segment": {
					"rotation": {
						"vector": [0, "math.cos(query.anim_time * 800) * -22", 0]
					}
				},
				"middle_body_segment": {
					"rotation": {
						"vector": [0, "math.sin(query.anim_time * 800) * -32", 0]
					}
				},
				"tail": {
					"rotation": {
						"vector": [0, "math.cos(query.anim_time * 800) * 32", 0]
					}
				},
				"tail_segment": {
					"rotation": {
						"vector": [0, "math.sin(query.anim_time * 800) * -12", 0]
					}
				}
			}
		},
		"animation.spark_fish.flop": {
			"loop": true,
			"animation_length": 1.8,
			"anim_time_update": "0",
			"blend_weight": "1",
			"bones": {
				"root": {
					"rotation": {
						"vector": [0, "math.sin(query.anim_time * 800) * -3", 90]
					}
				},
				"mainybody": {
					"rotation": {
						"vector": [0, "math.cos(query.anim_time * 800) * 4", 90]
					}
				},
				"tail": {
					"rotation": {
						"vector": [0, "math.sin(query.anim_time * 800) * 6", 90]
					}
				},
				"tail_segment": {
					"rotation": {
						"vector": [0, "math.cos(query.anim_time * 800) * 6", 90]
					}
				},
				"lower_jaw": {
					"rotation": {
						"vector": ["math.sin(query.anim_time * 800) * -13", 0, 90]
					}
				}
			}
		}
	}
}