{
	"format_version": "1.8.0",
	"animations": {
		"animation.stink_bug.idle_animation": {
			"loop": true,
			"animation_length": 1.8,
			"anim_time_update": "0",
			"blend_weight": "1",
			"bones": {
				"Stink_Bug": {
					"position": {
						"vector": [0, 1, 0]
					},
					"scale": {
						"vector": [1.5, 1.5, 1.5]
					}
				},
				"Head": {
					"rotation": {
						"vector": ["math.sin(query.anim_time * 400) * -1", "math.cos(query.anim_time * 400) * -1", "math.sin(query.anim_time * 400) * -1"]
					}
				},
				"Antenna_1": {
					"rotation": {
						"vector": ["math.sin(query.anim_time * 400) * -16", "math.cos(query.anim_time * 400) * -16", "math.sin(query.anim_time * 400) * -16"]
					}
				},
				"Antenna_2": {
					"rotation": {
						"vector": ["math.sin(query.anim_time * 400) * 16", "math.cos(query.anim_time * 400) * 16", "math.sin(query.anim_time * 400) * 16"]
					}
				},
				"Tail": {
					"rotation": {
						"vector": ["math.sin(query.anim_time * 400) * -1", "math.cos(query.anim_time * 400) * -6", "math.sin(query.anim_time * 400) * -1"]
					},
					"scale": {
						"vector": ["math.sin(query.anim_time * 400) * -0.05 +1", "math.sin(query.anim_time * 400) * -0.05 +1", "math.sin(query.anim_time * 400) * -0.05 +1"]
					}
				}
			}
		},
		"animation.stink_bug.walking_animation": {
			"loop": true,
			"animation_length": 1.8,
			"anim_time_update": "0",
			"blend_weight": "1",
			"bones": {
				"Stink_Bug": {
					"position": {
						"vector": [0, 1, 0]
					},
					"scale": {
						"vector": [1.5, 1.5, 1.5]
					}
				},
				"Body": {
					"rotation": {
						"vector": [0, "math.cos(query.anim_time * 400) * -1", "math.sin(query.anim_time * 400) * 4"]
					}
				},
				"Antenna_1": {
					"rotation": {
						"vector": ["math.sin(query.anim_time * 400) * -16", "math.cos(query.anim_time * 400) * -16", "math.sin(query.anim_time * 400) * -16"]
					}
				},
				"Antenna_2": {
					"rotation": {
						"vector": ["math.sin(query.anim_time * 400) * 16", "math.cos(query.anim_time * 400) * 16", "math.sin(query.anim_time * 400) * 16"]
					}
				},
				"Tail": {
					"rotation": {
						"vector": [0, "math.cos(query.anim_time * 400) * -11", "math.sin(query.anim_time * 400) * 4"]
					}
				},
				"LFoot1": {
					"rotation": {
						"vector": ["math.sin(query.anim_time * 400) * 16", "math.cos(query.anim_time * 400) * -16", 0]
					}
				},
				"LFoot2": {
					"rotation": {
						"vector": ["math.sin(query.anim_time * 400) * -16", "math.cos(query.anim_time * 400) * 16", 0]
					}
				},
				"LFoot3": {
					"rotation": {
						"vector": ["math.cos(query.anim_time * 400) * 6", "math.cos(query.anim_time * 400) * -12", 0]
					}
				},
				"RFoot1": {
					"rotation": {
						"vector": ["math.sin(query.anim_time * 400) * -16", "math.cos(query.anim_time * 400) * -16", 0]
					}
				},
				"RFoot2": {
					"rotation": {
						"vector": ["math.sin(query.anim_time * 400) * 16", "math.cos(query.anim_time * 400) * 16", 0]
					}
				},
				"RFoot3": {
					"rotation": {
						"vector": ["math.cos(query.anim_time * 400) * 6", "math.cos(query.anim_time * 400) * -12", 0]
					}
				},
				"SpikesHead": {
					"rotation": {
						"vector": [0, 0, 0]
					},
					"position": {
						"vector": [0, "math.cos(query.anim_time * 400) * -0.1", 0]
					}
				},
				"SpikesTail": {
					"rotation": {
						"vector": [0, 0, 0]
					}
				}
			}
		}
	}
}