{
	"format_version": "1.8.0",
	"animations": {
		"animation.whale.idle": {
			"loop": true,
			"animation_length": 3.52,
			"anim_time_update": "0",
			"blend_weight": "1",
			"bones": {
				"Body": {
					"rotation": {
						"vector": ["math.sin(query.anim_time * 100) * -0.2", 0, 0]
					}
				},
				"Midsection": {
					"rotation": {
						"vector": ["math.cos(query.anim_time * 100) * 0.45", 0, 0]
					}
				},
				"Tail": {
					"rotation": {
						"vector": ["math.cos(query.anim_time * 100) * 0.45", 0, 0]
					}
				},
				"UpperJaw": {
					"rotation": {
						"vector": ["math.cos(query.anim_time * 100) * -0.5 -2.5", 0, 0]
					}
				},
				"LowerJaw": {
					"rotation": {
						"vector": ["math.cos(query.anim_time * 100) * 1 +2", 0, 0]
					}
				},
				"LeftFlipper": {
					"rotation": {
						"vector": ["math.sin(query.anim_time * 100) * -2", 0, "math.sin(query.anim_time * 100) * -2"]
					}
				},
				"RightFlipper": {
					"rotation": {
						"vector": ["math.sin(query.anim_time * 100) * -2", 0, "math.sin(query.anim_time * 100) * 2"]
					}
				}
			}
		},
		"animation.whale.swimming": {
			"loop": true,
			"animation_length": 3.52,
			"anim_time_update": "0",
			"blend_weight": "1",
			"bones": {
				"Whale": {
					"rotation": {
						"vector": ["math.cos(query.anim_time * 100) * 5 -2.5", 0, 0]
					},
					"position": {
						"vector": [0, "math.sin(query.anim_time * 200) * 0.3", 0]
					}
				},
				"Body": {
					"rotation": {
						"vector": ["math.sin(query.anim_time * 100) * 2", 0, 0]
					}
				},
				"Midsection": {
					"rotation": {
						"vector": ["math.sin(query.anim_time * 100) * 5", 0, 0]
					}
				},
				"Tail": {
					"rotation": {
						"vector": ["math.cos(query.anim_time * 100) * -25", 0, 0]
					}
				},
				"Head": {
					"rotation": {
						"vector": ["math.cos(query.anim_time * 100) * -2.5", 0, 0]
					}
				}
			}
		}
	}
}